subject,run,task,formation,light_position,angle,response,RT,correct
1,1,1,1,2,1,0,0,0
1,1,1,1,1,1,1,1.20355626499986,1
1,1,1,1,1,2,1,1.10758760099998,1
1,1,1,1,2,1,2,0.607883675000267,1
1,1,1,1,2,2,2,0.904481223999937,1
1,1,1,1,1,2,1,1.01349469300021,1
1,1,1,1,2,2,2,0.873764331000075,1
1,1,1,1,1,1,1,1.1218760050001,1
1,1,1,3,2,2,2,1.13608417499972,1
1,1,1,3,2,1,2,0.961480066000149,1
1,1,1,3,1,1,1,0.615272855000057,1
1,1,1,3,2,2,2,0.657450569000048,1
1,1,1,3,1,2,1,0.725801646000036,1
1,1,1,3,1,2,1,0.585895195000376,1
1,1,1,3,1,1,1,0.519553020999865,1
1,1,1,3,2,1,2,0.436689147999914,1
1,1,1,2,2,1,2,1.24431622299971,1
1,1,1,2,1,1,1,0.669828418000179,1
1,1,1,2,1,1,1,0.7728691909997,1
1,1,1,2,2,1,2,0.608560587000284,1
1,1,1,2,2,2,2,1.10258217099999,1
1,1,1,2,1,2,1,0.639465859000211,1
1,1,1,2,2,2,2,0.686077032999947,1
1,1,1,2,1,2,1,0.671037668999816,1
1,1,1,4,2,2,1,1.3384288100001,0
1,1,1,4,1,1,1,1.16183387500041,1
1,1,1,4,2,1,2,0.982033879000028,1
1,1,1,4,1,2,1,0.606345948000126,1
1,1,1,4,2,2,2,1.14557419100038,1
1,1,1,4,1,1,1,0.506588706999992,1
1,1,1,4,1,2,1,0.600077540000257,1
1,1,1,4,2,1,2,0.658104303000073,1
1,2,2,3,1,1,1,1.918858215,1
1,2,2,3,1,2,1,1.4191678240004,1
1,2,2,3,2,2,2,1.15367126799993,1
1,2,2,3,1,1,1,0.74161410600027,1
1,2,2,3,2,2,2,0.777730621000046,1
1,2,2,3,2,1,2,0.951111544000014,1
1,2,2,3,1,2,1,0.877789457999825,1
1,2,2,3,2,1,2,0.875728459000129,1
1,2,2,2,1,1,2,0.702317699999639,0
1,2,2,2,2,1,1,1.34833778299981,0
1,2,2,2,2,2,1,1.81694276200005,0
1,2,2,2,2,1,1,1.78539838999995,0
1,2,2,2,1,2,2,1.20638200799976,0
1,2,2,2,1,2,2,1.6940408370001,0
1,2,2,2,1,1,0,0,0
1,2,2,2,2,2,2,1.55779239799995,1
1,2,2,4,1,1,1,1.10831127700021,1
1,2,2,4,1,2,1,0.888584928,1
1,2,2,4,2,2,2,0.857706220999717,1
1,2,2,4,1,1,1,0.702162434000002,1
1,2,2,4,2,2,2,1.05273456199984,1
1,2,2,4,2,1,2,1.17847483300011,1
1,2,2,4,1,2,1,0.931657331999759,1
1,2,2,4,2,1,2,0.713740776000122,1
1,2,2,1,1,2,1,0.987431947000005,1
1,2,2,1,1,1,2,0.523272182000255,0
1,2,2,1,2,2,1,0.48413564700013,0
1,2,2,1,2,1,2,1.36701911900036,1
1,2,2,1,1,2,1,0.923869536999973,1
1,2,2,1,2,1,2,1.3206226289999,1
1,2,2,1,1,1,1,0.956512315000055,1
1,2,2,1,2,2,2,1.41480385999967,1
1,3,1,4,1,2,1,1.18572684899982,1
1,3,1,4,2,1,2,0.700143668999772,1
1,3,1,4,1,1,1,1.15391596400013,1
1,3,1,4,2,2,2,0.746846844000174,1
1,3,1,4,2,2,2,0.761229227000058,1
1,3,1,4,1,2,1,0.566753309999967,1
1,3,1,4,2,1,2,1.23487193699975,1
1,3,1,4,1,1,1,0.519712719999916,1
1,3,1,3,1,1,1,0.446262510999986,1
1,3,1,3,2,2,2,1.08630706099984,1
1,3,1,3,2,2,2,0.78443622199984,1
1,3,1,3,1,2,1,0.702542916000311,1
1,3,1,3,2,1,2,1.05260125699988,1
1,3,1,3,2,1,2,0.537549022999883,1
1,3,1,3,1,2,1,0.867846521000047,1
1,3,1,3,1,1,1,1.034463125,1
1,3,1,1,2,2,2,1.14881067200031,1
1,3,1,1,1,1,1,0.687696711000171,1
1,3,1,1,1,2,1,0.996860678999838,1
1,3,1,1,1,2,1,0.804827989999922,1
1,3,1,1,2,1,2,1.01751618699973,1
1,3,1,1,1,1,1,0.634853526999905,1
1,3,1,1,2,1,2,0.792734710999866,1
1,3,1,1,2,2,2,1.42475813700003,1
1,3,1,2,2,2,2,0.759697543000129,1
1,3,1,2,2,1,2,0.489117265000004,1
1,3,1,2,1,1,1,0.865440821999982,1
1,3,1,2,1,1,1,0.714911921999828,1
1,3,1,2,1,2,1,0.601406694000161,1
1,3,1,2,2,1,2,0.734198609000032,1
1,3,1,2,1,2,1,0.786836005999703,1
1,3,1,2,2,2,2,1.23409772100013,1
1,4,2,1,1,1,1,1.05554252599995,1
1,4,2,1,2,1,2,0.829388465000193,1
1,4,2,1,2,2,2,1.0578805529999,1
1,4,2,1,2,2,2,0.845536992999769,1
1,4,2,1,1,1,1,0.737792333000016,1
1,4,2,1,2,1,2,0.866543308000018,1
1,4,2,1,1,2,1,1.14477919599994,1
1,4,2,1,1,2,1,0.52475401799984,1
1,4,2,3,1,2,1,0.888579979000042,1
1,4,2,3,1,1,1,0.736034494000251,1
1,4,2,3,1,1,1,0.502833995999936,1
1,4,2,3,2,1,2,0.880797218000225,1
1,4,2,3,2,2,2,0.885816682999575,1
1,4,2,3,2,2,2,0.611681539000074,1
1,4,2,3,1,2,2,1.23118693699962,0
1,4,2,3,2,1,2,1.18200076400035,1
1,4,2,2,1,1,1,0.737936944000012,1
1,4,2,2,1,2,1,0.839730461000272,1
1,4,2,2,2,1,2,1.27270850600007,1
1,4,2,2,2,1,2,0.837108188000002,1
1,4,2,2,2,2,2,1.04933447199983,1
1,4,2,2,1,2,1,0.921260513000107,1
1,4,2,2,2,2,2,0.81713832100013,1
1,4,2,2,1,1,1,0.720085506000032,1
1,4,2,4,1,2,1,0.83090318099994,1
1,4,2,4,1,1,1,0.756803137000134,1
1,4,2,4,2,1,2,0.671164341999884,1
1,4,2,4,2,1,2,0.658549393000158,1
1,4,2,4,1,2,1,0.805791812999814,1
1,4,2,4,1,1,1,0.624652422000054,1
1,4,2,4,2,2,2,0.680086231999667,1
1,4,2,4,2,2,1,1.2011716510001,0
1,5,1,1,2,2,2,1.70218823599953,1
1,5,1,1,1,1,1,0.813033262999852,1
1,5,1,1,2,2,2,0.839865029000066,1
1,5,1,1,2,1,2,0.85350654100057,1
1,5,1,1,1,2,1,1.22134675300003,1
1,5,1,1,2,1,2,1.04495824500009,1
1,5,1,1,1,1,1,0.730412257000353,1
1,5,1,1,1,2,1,0.664636552000047,1
1,5,1,4,1,2,1,0.747586131999924,1
1,5,1,4,2,2,2,0.686654314999942,1
1,5,1,4,2,1,2,0.554629577999549,1
1,5,1,4,1,2,1,1.17975345400009,1
1,5,1,4,1,1,1,0.574038767000275,1
1,5,1,4,1,1,1,0.559317588999875,1
1,5,1,4,2,2,2,1.30673957500039,1
1,5,1,4,2,1,2,0.997727457999645,1
1,5,1,3,1,1,1,0.618955989999449,1
1,5,1,3,1,2,1,0.584825785999783,1
1,5,1,3,2,2,2,0.534247691000019,1
1,5,1,3,2,1,2,0.488667302000067,1
1,5,1,3,2,1,2,0.477019746999758,1
1,5,1,3,1,1,1,0.577875908999886,1
1,5,1,3,1,2,1,0.556721448000644,1
1,5,1,3,2,2,2,0.607311282999945,1
1,5,1,2,1,1,1,0.628798509999797,1
1,5,1,2,2,1,2,0.432936977000281,1
1,5,1,2,1,2,1,0.567050314999506,1
1,5,1,2,1,2,1,0.778916618999574,1
1,5,1,2,1,1,1,0.476661280000371,1
1,5,1,2,2,2,2,1.00884335599949,1
1,5,1,2,2,1,2,0.880885477999982,1
1,5,1,2,2,2,2,0.736420782000096,1
1,6,2,3,2,2,2,0.75954686499972,1
1,6,2,3,2,1,2,0.812483271999554,1
1,6,2,3,1,2,1,0.698991837999529,1
1,6,2,3,1,1,1,1.00747551999939,1
1,6,2,3,1,1,1,0.422004113999719,1
1,6,2,3,2,2,2,0.859645681000075,1
1,6,2,3,1,2,1,1.15395466599966,1
1,6,2,3,2,1,2,0.924862138999742,1
1,6,2,1,2,1,2,1.59008974000062,1
1,6,2,1,2,1,2,0.701174322000043,1
1,6,2,1,1,2,1,0.691849009999714,1
1,6,2,1,1,1,1,0.670580244000121,1
1,6,2,1,1,1,1,0.81982114099992,1
1,6,2,1,2,2,2,0.719369366000137,1
1,6,2,1,2,2,2,0.641566381000302,1
1,6,2,1,1,2,1,0.68393016400023,1
1,6,2,2,2,1,2,1.10909832600009,1
1,6,2,2,1,1,1,0.568145587999425,1
1,6,2,2,2,1,2,0.999785800000609,1
1,6,2,2,2,2,2,0.822437680999428,1
1,6,2,2,1,1,1,0.747968562000096,1
1,6,2,2,2,2,2,0.877073331000247,1
1,6,2,2,1,2,1,0.796098780000648,1
1,6,2,2,1,2,1,0.689946859999509,1
1,6,2,4,1,2,1,0.620586053999432,1
1,6,2,4,1,2,1,0.434093024000504,1
1,6,2,4,2,1,2,0.901678172000175,1
1,6,2,4,2,2,2,1.05511756200031,1
1,6,2,4,1,1,1,0.760365519000516,1
1,6,2,4,2,1,2,0.898484143000132,1
1,6,2,4,1,1,1,0.865986664999582,1
1,6,2,4,2,2,2,0.744358313999328,1
1,7,1,3,2,2,2,1.17313399199975,1
1,7,1,3,1,2,1,0.807773582000664,1
1,7,1,3,2,1,2,0.656100219000109,1
1,7,1,3,1,2,1,0.512082832000488,1
1,7,1,3,1,1,1,1.00250867799969,1
1,7,1,3,2,1,2,0.759528529999443,1
1,7,1,3,2,2,2,0.605979773999934,1
1,7,1,3,1,1,1,0.727970403999279,1
1,7,1,1,1,2,1,0.854762182999366,1
1,7,1,1,1,1,1,0.8070591529995,1
1,7,1,1,2,1,2,1.14398228699974,1
1,7,1,1,2,2,2,0.725837734999914,1
1,7,1,1,2,1,2,0.536978452999392,1
1,7,1,1,1,1,1,0.441687225999885,1
1,7,1,1,1,2,1,0.629342739000094,1
1,7,1,1,2,2,2,0.719128724000257,1
1,7,1,2,1,2,1,1.36583817200062,1
1,7,1,2,2,2,2,0.603915999000492,1
1,7,1,2,1,2,1,0.44114732899925,1
1,7,1,2,2,1,2,0.616485479000403,1
1,7,1,2,2,1,2,0.522508328000185,1
1,7,1,2,1,1,1,0.440811641000437,1
1,7,1,2,2,2,2,0.924263044999861,1
1,7,1,2,1,1,1,0.659061921000102,1
1,7,1,4,1,1,1,0.450080448000335,1
1,7,1,4,2,2,2,0.72846989000027,1
1,7,1,4,1,2,1,0.43305250999947,1
1,7,1,4,1,1,1,0.520869871000286,1
1,7,1,4,2,1,2,1.51113332600016,1
1,7,1,4,1,2,1,1.09886072300014,1
1,7,1,4,2,2,2,0.508194963000278,1
1,7,1,4,2,1,2,0.586702497999795,1
1,8,2,3,1,2,1,1.18430949000049,1
1,8,2,3,2,1,2,0.790073543999824,1
1,8,2,3,2,2,2,0.900247128999581,1
1,8,2,3,1,2,1,0.706937320000179,1
1,8,2,3,1,1,1,0.61069609399965,1
1,8,2,3,2,1,2,0.627212446000158,1
1,8,2,3,2,2,2,0.855223474000013,1
1,8,2,3,1,1,1,0.549024437000298,1
1,8,2,1,2,2,2,1.05884493099984,1
1,8,2,1,1,1,1,0.419537892000335,1
1,8,2,1,1,1,1,0.442887024000811,1
1,8,2,1,1,2,1,0.671477128000333,1
1,8,2,1,2,1,2,0.71616322600039,1
1,8,2,1,2,2,2,1.01059962199997,1
1,8,2,1,2,1,2,1.08820106100029,1
1,8,2,1,1,2,1,0.699163243999465,1
1,8,2,4,1,1,1,0.530040378000194,1
1,8,2,4,1,2,1,0.711366042999543,1
1,8,2,4,2,2,2,0.573223583000072,1
1,8,2,4,2,1,2,0.843686207999781,1
1,8,2,4,1,1,1,0.567541598999924,1
1,8,2,4,2,2,2,0.584338127000592,1
1,8,2,4,2,1,2,1.3669321819998,1
1,8,2,4,1,2,1,1.22463821899964,1
1,8,2,2,2,2,2,0.806336685999668,1
1,8,2,2,2,1,2,0.536257007000131,1
1,8,2,2,1,2,1,0.651086109999596,1
1,8,2,2,2,1,2,0.634800830999666,1
1,8,2,2,1,1,1,0.537545980000687,1
1,8,2,2,1,2,1,0.645881321000161,1
1,8,2,2,2,2,2,0.619783402999929,1
1,8,2,2,1,1,1,0.731264027000179,1
1,9,1,3,1,1,1,0.646567316000073,1
1,9,1,3,2,2,2,0.689360222999312,1
1,9,1,3,2,1,2,0.668709460999708,1
1,9,1,3,1,2,1,0.554740427999604,1
1,9,1,3,2,1,2,0.525865214000078,1
1,9,1,3,1,1,1,0.501358747999802,1
1,9,1,3,1,2,1,0.335730073000377,1
1,9,1,3,2,2,2,0.59625688000051,1
1,9,1,1,2,2,2,0.766071924999778,1
1,9,1,1,2,1,2,0.404716689999987,1
1,9,1,1,1,2,1,0.652809959000479,1
1,9,1,1,2,1,2,0.462495806999868,1
1,9,1,1,1,2,1,0.691404115999831,1
1,9,1,1,2,2,2,0.497780456999863,1
1,9,1,1,1,1,1,1.03942024099979,1
1,9,1,1,1,1,1,0.996800291,1
1,9,1,4,2,1,2,0.715927093999198,1
1,9,1,4,1,2,1,0.511119013000098,1
1,9,1,4,2,2,2,0.79270778999944,1
1,9,1,4,2,2,2,0.56285392099926,1
1,9,1,4,1,2,1,0.549969316999523,1
1,9,1,4,1,1,1,0.433554085999276,1
1,9,1,4,2,1,2,0.441962658000193,1
1,9,1,4,1,1,1,0.473162225999658,1
1,9,1,2,2,2,2,0.633932026999901,1
1,9,1,2,2,2,2,0.498541078000017,1
1,9,1,2,2,1,2,0.699199030000273,1
1,9,1,2,2,1,2,0.544222328000615,1
1,9,1,2,1,1,1,0.419361854999806,1
1,9,1,2,1,1,1,0.45947304999936,1
1,9,1,2,1,2,1,0.945323873999769,1
1,9,1,2,1,2,1,0.746269850999852,1
1,10,2,3,2,2,2,0.82934217499951,1
1,10,2,3,1,1,1,0.605882235000536,1
1,10,2,3,1,2,1,0.921368954000172,1
1,10,2,3,2,2,2,0.553019887000119,1
1,10,2,3,2,1,2,0.714568532999692,1
1,10,2,3,1,1,1,0.472901791999902,1
1,10,2,3,1,2,1,0.564350182999988,1
1,10,2,3,2,1,2,0.68161526699987,1
1,10,2,4,1,1,1,1.02772962500057,1
1,10,2,4,1,2,1,0.571544890999576,1
1,10,2,4,2,2,2,0.582669581000118,1
1,10,2,4,1,1,1,0.645457652000005,1
1,10,2,4,2,2,2,0.752862211999854,1
1,10,2,4,1,2,1,0.450372579999566,1
1,10,2,4,2,1,2,0.677943231000427,1
1,10,2,4,2,1,2,0.522940894000385,1
1,10,2,2,2,2,2,0.606139657999847,1
1,10,2,2,1,2,1,0.534733573999802,1
1,10,2,2,1,1,1,0.540817141999469,1
1,10,2,2,2,2,2,0.661276210999858,1
1,10,2,2,2,1,2,1.077577432,1
1,10,2,2,1,1,1,0.440290810000079,1
1,10,2,2,2,1,2,0.519364262000636,1
1,10,2,2,1,2,1,1.02642985299917,1
1,10,2,1,1,1,1,0.458908072999293,1
1,10,2,1,1,2,1,0.567678553000405,1
1,10,2,1,1,2,1,0.543711335999433,1
1,10,2,1,2,2,2,0.68408337100027,1
1,10,2,1,2,1,2,0.648629166000319,1
1,10,2,1,2,2,2,1.1649143880004,1
1,10,2,1,2,1,2,0.697349336000116,1
1,10,2,1,1,1,1,0.799352464000549,1
1,11,1,2,1,1,1,0.654825212000105,1
1,11,1,2,1,2,1,0.635809350000272,1
1,11,1,2,2,2,2,0.386162746999617,1
1,11,1,2,2,1,2,0.499749167000118,1
1,11,1,2,1,1,1,0.360657684999751,1
1,11,1,2,2,2,2,0.524784911000097,1
1,11,1,2,2,1,2,0.458770733000165,1
1,11,1,2,1,2,1,0.810072647000197,1
1,11,1,4,1,2,1,0.504390844000227,1
1,11,1,4,1,1,1,0.558338207000816,1
1,11,1,4,2,1,2,0.399722101999942,1
1,11,1,4,1,2,1,0.434025999999903,1
1,11,1,4,2,2,2,0.97483604900026,1
1,11,1,4,1,1,1,0.483830602000126,1
1,11,1,4,2,1,2,0.414497769999798,1
1,11,1,4,2,2,2,0.523774246999892,1
1,11,1,1,1,2,2,0.849149227000453,0
1,11,1,1,1,2,1,0.500418104000346,1
1,11,1,1,2,2,2,0.463784414000656,1
1,11,1,1,2,1,2,0.53508924200014,1
1,11,1,1,1,1,1,0.543372436000027,1
1,11,1,1,1,1,1,0.623295643000347,1
1,11,1,1,2,2,2,1.08501943900046,1
1,11,1,1,2,1,2,0.511250079000092,1
1,11,1,3,1,1,1,0.79985165800008,1
1,11,1,3,2,2,2,1.03040314400005,1
1,11,1,3,2,1,2,0.368358572000034,1
1,11,1,3,1,2,1,1.08575612700042,1
1,11,1,3,2,2,2,0.556073847999869,1
1,11,1,3,2,1,2,0.77631428299992,1
1,11,1,3,1,1,1,0.474350716000117,1
1,11,1,3,1,2,1,0.442456338999364,1
1,12,2,4,2,1,2,0.925106818999666,1
1,12,2,4,1,1,1,0.687651793999976,1
1,12,2,4,2,1,2,0.691680752999673,1
1,12,2,4,1,2,1,0.569379677000143,1
1,12,2,4,2,2,2,0.507569926000542,1
1,12,2,4,1,2,1,1.04575000100067,1
1,12,2,4,2,2,2,0.66028882899991,1
1,12,2,4,1,1,1,0.654582933000711,1
1,12,2,3,1,1,1,1.2572465230005,1
1,12,2,3,2,2,2,0.927948037000533,1
1,12,2,3,1,2,1,0.629660648999561,1
1,12,2,3,1,2,1,0.652272890999484,1
1,12,2,3,1,1,1,0.927432490999308,1
1,12,2,3,2,2,2,0.908071957000175,1
1,12,2,3,2,1,2,0.829825122999864,1
1,12,2,3,2,1,2,0.689801344000443,1
1,12,2,1,2,1,2,0.700409739999486,1
1,12,2,1,1,2,1,0.71956852600033,1
1,12,2,1,1,1,1,0.64059565199932,1
1,12,2,1,2,2,2,0.597555960999671,1
1,12,2,1,2,1,2,0.968993658000727,1
1,12,2,1,2,2,2,1.03680727200026,1
1,12,2,1,1,2,1,0.475203983000029,1
1,12,2,1,1,1,1,0.885856226999749,1
1,12,2,2,2,1,2,0.694773330000316,1
1,12,2,2,2,2,2,0.659021030000076,1
1,12,2,2,1,2,1,0.607491486999606,1
1,12,2,2,2,1,2,0.595599743000093,1
1,12,2,2,2,2,2,0.7500931149998,1
1,12,2,2,1,1,1,0.647406246999708,1
1,12,2,2,1,1,1,0.473436481000135,1
1,12,2,2,1,2,1,0.820233980000012,1
1,13,1,4,2,2,2,1.10930951099999,1
1,13,1,4,1,1,1,0.45715382599974,1
1,13,1,4,1,1,1,0.491999251000379,1
1,13,1,4,2,1,2,0.638664818999132,1
1,13,1,4,1,2,1,0.640904086999399,1
1,13,1,4,1,2,1,0.48500745399997,1
1,13,1,4,2,2,2,0.426426695999908,1
1,13,1,4,2,1,2,0.512975102000382,1
1,13,1,1,1,2,1,0.761428937000346,1
1,13,1,1,2,1,2,0.584983178000584,1
1,13,1,1,2,2,2,0.660499542999787,1
1,13,1,1,1,1,1,0.976233678999961,1
1,13,1,1,2,2,2,0.675768877000337,1
1,13,1,1,1,1,1,1.06514857900038,1
1,13,1,1,2,1,2,0.402243300000009,1
1,13,1,1,1,2,1,0.598693499999172,1
1,13,1,2,2,1,2,0.459705575999578,1
1,13,1,2,2,2,2,0.844316095999602,1
1,13,1,2,1,2,1,0.415170786999624,1
1,13,1,2,1,1,1,0.482302643000367,1
1,13,1,2,2,1,2,0.383320822999849,1
1,13,1,2,1,1,1,0.647810348000348,1
1,13,1,2,1,2,1,0.545630994999556,1
1,13,1,2,2,2,2,1.21797191000041,1
1,13,1,3,1,1,1,0.447272788999726,1
1,13,1,3,2,1,2,0.408338085000651,1
1,13,1,3,2,1,2,0.65390350799953,1
1,13,1,3,1,1,1,0.370042287000615,1
1,13,1,3,1,2,1,0.56656116799968,1
1,13,1,3,2,2,2,0.370475932999398,1
1,13,1,3,2,2,2,0.542241520000061,1
1,13,1,3,1,2,1,0.399027552000007,1
2,1,2,2,1,1,1,1.26243016100034,1
2,1,2,2,2,2,2,0.665190237999923,1
2,1,2,2,2,1,2,0.855367632000707,1
2,1,2,2,1,1,1,0.502116556000146,1
2,1,2,2,1,2,1,0.70907023700056,1
2,1,2,2,1,2,1,0.491978148999806,1
2,1,2,2,2,2,2,0.653744367999934,1
2,1,2,2,2,1,2,0.907068489000267,1
2,1,2,1,2,1,2,1.16748930699941,1
2,1,2,1,1,1,1,1.04712203399959,1
2,1,2,1,1,2,1,1.04987370100025,1
2,1,2,1,2,2,2,0.648910990999866,1
2,1,2,1,2,1,2,1.17049647800013,1
2,1,2,1,1,1,1,0.344091125999512,1
2,1,2,1,2,2,2,0.516154578999704,1
2,1,2,1,1,2,1,0.324570827000571,1
2,1,2,4,2,2,2,1.0011324470006,1
2,1,2,4,1,2,1,0.425430868999683,1
2,1,2,4,1,2,1,0.338020562000565,1
2,1,2,4,1,1,1,0.46581275599965,1
2,1,2,4,2,1,2,0.287099279999893,1
2,1,2,4,1,1,1,0.93552779699985,1
2,1,2,4,2,1,2,0.450841582999601,1
2,1,2,4,2,2,2,0.408300631000202,1
2,1,2,3,1,2,1,0.894136554999932,1
2,1,2,3,2,2,2,0.334864555999957,1
2,1,2,3,1,1,1,0.926088365999931,1
2,1,2,3,2,2,2,0.955280621000384,1
2,1,2,3,2,1,2,0.551893387999371,1
2,1,2,3,1,1,1,1.19231168899933,1
2,1,2,3,1,2,1,0.560074152000198,1
2,1,2,3,2,1,2,0.447233859000335,1
2,2,1,1,1,2,1,0.845728197000426,1
2,2,1,1,1,2,1,0.387339483999313,1
2,2,1,1,2,1,2,0.581675833999725,1
2,2,1,1,2,1,2,0.345204228000512,1
2,2,1,1,2,2,2,0.503461698000137,1
2,2,1,1,2,2,2,0.331521992000489,1
2,2,1,1,1,1,1,0.421385960000407,1
2,2,1,1,1,1,1,0.337429849999353,1
2,2,1,3,2,1,1,0.595592958999987,0
2,2,1,3,2,2,2,0.868880229000752,1
2,2,1,3,2,2,2,0.342280400999698,1
2,2,1,3,1,2,1,0.372774000000391,1
2,2,1,3,1,1,1,0.91635249599949,1
2,2,1,3,1,2,1,0.615954197999599,1
2,2,1,3,2,1,2,0.897544888000084,1
2,2,1,3,1,1,1,0.605053262000183,1
2,2,1,4,1,2,1,0.599832726999921,1
2,2,1,4,2,2,2,0.444572299000356,1
2,2,1,4,1,1,1,0.600852481000402,1
2,2,1,4,2,1,2,1.07196608899994,1
2,2,1,4,1,1,1,0.408665437000309,1
2,2,1,4,2,1,2,0.408766486999411,1
2,2,1,4,1,2,1,0.42023725999934,1
2,2,1,4,2,2,2,0.309790336000333,1
2,2,1,2,1,1,1,0.671961109999756,1
2,2,1,2,2,2,2,0.72447233999992,1
2,2,1,2,1,2,1,0.343490238000413,1
2,2,1,2,2,1,2,0.536806740999964,1
2,2,1,2,2,1,2,0.392479590000221,1
2,2,1,2,2,2,2,0.284264140000232,1
2,2,1,2,1,1,1,0.383990540000013,1
2,2,1,2,1,2,1,0.398270068999409,1
2,3,2,2,1,2,1,0.829700395000145,1
2,3,2,2,2,1,2,0.978393563999816,1
2,3,2,2,2,1,2,0.598197694000191,1
2,3,2,2,2,2,2,0.77490089100047,1
2,3,2,2,2,2,2,0.387736276999931,1
2,3,2,2,1,1,1,0.495969544000218,1
2,3,2,2,1,2,1,0.461681208999835,1
2,3,2,2,1,1,1,0.566153386000224,1
2,3,2,3,1,1,1,1.34846207999999,1
2,3,2,3,2,1,2,0.692936823999844,1
2,3,2,3,1,2,1,0.39051237700005,1
2,3,2,3,2,2,2,0.638842532000126,1
2,3,2,3,2,2,2,0.475845044999915,1
2,3,2,3,1,1,1,0.619355607000216,1
2,3,2,3,1,2,1,0.829916027999388,1
2,3,2,3,2,1,2,0.675156483999672,1
2,3,2,4,1,1,1,0.585303009999734,1
2,3,2,4,2,1,2,0.375591963999796,1
2,3,2,4,2,2,2,0.889784635000069,1
2,3,2,4,1,2,1,0.33974545700039,1
2,3,2,4,1,1,1,0.263724818999435,1
2,3,2,4,1,2,1,0.361551326999688,1
2,3,2,4,2,1,2,0.408443206000811,1
2,3,2,4,2,2,2,0.51107643100022,1
2,3,2,1,2,2,1,0.486552298000788,0
2,3,2,1,2,1,2,0.572236314999827,1
2,3,2,1,1,1,1,0.583857887999329,1
2,3,2,1,2,2,2,0.856114585999421,1
2,3,2,1,2,1,2,0.80895442200017,1
2,3,2,1,1,2,1,0.561927755999932,1
2,3,2,1,1,2,1,0.651526714999818,1
2,3,2,1,1,1,1,0.355995846000042,1
2,4,1,1,2,2,2,1.25757003599938,1
2,4,1,1,1,1,1,0.382275265000317,1
2,4,1,1,2,1,2,0.526726265999969,1
2,4,1,1,1,2,1,0.379138500999943,1
2,4,1,1,2,2,2,0.38057076000041,1
2,4,1,1,1,2,1,0.400714529000652,1
2,4,1,1,2,1,2,0.636870378999447,1
2,4,1,1,1,1,1,0.295535666999967,1
2,4,1,2,1,1,1,0.499043089999759,1
2,4,1,2,2,1,2,0.28955834899989,1
2,4,1,2,1,1,1,0.334955447000539,1
2,4,1,2,2,2,2,0.381855874000394,1
2,4,1,2,2,1,2,0.263953132999632,1
2,4,1,2,1,2,1,0.497882730999663,1
2,4,1,2,2,2,2,0.556907275999947,1
2,4,1,2,1,2,1,0.330108955000469,1
2,4,1,4,2,1,2,0.460718618000101,1
2,4,1,4,2,1,2,0.356758609000281,1
2,4,1,4,1,2,1,0.369478466999681,1
2,4,1,4,1,2,1,0.409710292999989,1
2,4,1,4,1,1,1,0.337548426000467,1
2,4,1,4,2,2,2,0.955977448999874,1
2,4,1,4,2,2,2,0.368679067000812,1
2,4,1,4,1,1,1,0.356422810999902,1
2,4,1,3,2,1,2,1.10577318800006,1
2,4,1,3,2,1,2,0.322713106999799,1
2,4,1,3,1,1,1,0.420179609000115,1
2,4,1,3,1,2,1,0.329478812000161,1
2,4,1,3,2,2,2,0.407503200999599,1
2,4,1,3,2,2,2,0.496526545999586,1
2,4,1,3,1,1,1,0.466863858000579,1
2,4,1,3,1,2,1,0.488908115999948,1
2,5,2,2,2,1,2,1.08378790000006,1
2,5,2,2,1,2,1,0.426876692000405,1
2,5,2,2,1,2,1,0.396731355000156,1
2,5,2,2,2,1,2,0.517864186000224,1
2,5,2,2,1,1,1,0.814904857000329,1
2,5,2,2,1,1,1,0.587826640999992,1
2,5,2,2,2,2,2,0.833421571999679,1
2,5,2,2,2,2,2,0.366682502000003,1
2,5,2,3,2,2,2,0.965653149999525,1
2,5,2,3,1,1,1,0.731431721999797,1
2,5,2,3,1,2,1,0.997382837000259,1
2,5,2,3,2,1,2,0.422137906999524,1
2,5,2,3,2,1,2,0.316835092000474,1
2,5,2,3,1,2,1,0.522162287000356,1
2,5,2,3,1,1,1,0.535691162999683,1
2,5,2,3,2,2,2,0.636828389000584,1
2,5,2,1,1,2,1,0.511376726999515,1
2,5,2,1,1,1,1,0.352727055000287,1
2,5,2,1,2,1,2,0.291724194999915,1
2,5,2,1,2,1,2,0.363921496999865,1
2,5,2,1,2,2,2,0.490035433999765,1
2,5,2,1,1,2,1,0.48631372699947,1
2,5,2,1,1,1,1,0.451714312999684,1
2,5,2,1,2,2,2,0.623198837999553,1
2,5,2,4,2,1,2,0.770854677999523,1
2,5,2,4,1,2,1,0.533771211000385,1
2,5,2,4,2,2,2,0.665138575999663,1
2,5,2,4,1,2,1,0.784229144999699,1
2,5,2,4,1,1,1,0.720304078000481,1
2,5,2,4,2,1,2,0.627664144999471,1
2,5,2,4,2,2,2,0.478919298999244,1
2,5,2,4,1,1,1,0.824729597999976,1
2,6,1,4,2,1,2,0.69163630300045,1
2,6,1,4,2,1,2,0.346646003000387,1
2,6,1,4,2,2,2,0.766177027000595,1
2,6,1,4,1,1,1,0.492092567999862,1
2,6,1,4,1,1,1,0.300392580999869,1
2,6,1,4,1,2,1,0.803913971000839,1
2,6,1,4,1,2,1,0.843293162000009,1
2,6,1,4,2,2,2,0.283969470000557,1
2,6,1,1,1,1,1,1.42452275100004,1
2,6,1,1,1,1,1,0.291156641999805,1
2,6,1,1,2,1,2,0.35037705600007,1
2,6,1,1,2,2,2,0.380358101000638,1
2,6,1,1,2,1,2,0.406064223000612,1
2,6,1,1,1,2,2,0.424538650000613,0
2,6,1,1,1,2,1,0.30360354000004,1
2,6,1,1,2,2,2,0.227588671999911,1
2,6,1,3,2,1,2,0.429472761999932,1
2,6,1,3,2,2,2,0.498789924999983,1
2,6,1,3,1,1,1,0.44157727899983,1
2,6,1,3,1,2,1,0.316647573000409,1
2,6,1,3,2,2,2,0.342118999999911,1
2,6,1,3,1,2,1,0.361753236000368,1
2,6,1,3,2,1,2,0.707412211000701,1
2,6,1,3,1,1,1,1.17118468599983,1
2,6,1,2,1,1,1,0.419394708999789,1
2,6,1,2,1,2,1,0.500058071999774,1
2,6,1,2,2,1,2,0.408296294000138,1
2,6,1,2,1,1,1,0.325941549999698,1
2,6,1,2,1,2,1,0.731970654999714,1
2,6,1,2,2,2,2,0.331811263000418,1
2,6,1,2,2,1,2,0.358962782999697,1
2,6,1,2,2,2,2,0.345342152999365,1
2,7,2,1,2,2,2,0.61611191799966,1
2,7,2,1,1,2,1,0.52859808499943,1
2,7,2,1,1,2,1,0.46535615799985,1
2,7,2,1,2,2,2,0.276870089000113,1
2,7,2,1,2,1,2,0.463869408000392,1
2,7,2,1,1,1,1,0.299633720000202,1
2,7,2,1,2,1,2,0.3347621719995,1
2,7,2,1,1,1,1,0.277561717999561,1
2,7,2,2,1,2,1,0.46954064900001,1
2,7,2,2,2,2,2,0.225151126000128,1
2,7,2,2,2,2,2,0.374430746000144,1
2,7,2,2,1,2,1,0.286765508999451,1
2,7,2,2,2,1,2,0.472102768000696,1
2,7,2,2,1,1,1,0.236923329000092,1
2,7,2,2,1,1,1,0.421138009999595,1
2,7,2,2,2,1,2,0.289742233999277,1
2,7,2,4,1,2,1,0.460608622999644,1
2,7,2,4,2,2,2,0.365039127000273,1
2,7,2,4,2,1,2,0.485592238000208,1
2,7,2,4,2,1,2,0.450436608999553,1
2,7,2,4,1,1,1,0.330434536999746,1
2,7,2,4,1,1,1,0.547600125000827,1
2,7,2,4,1,2,1,0.24081995799952,1
2,7,2,4,2,2,2,0.476628227999754,1
2,7,2,3,2,1,2,0.527943172999585,1
2,7,2,3,1,2,1,0.455255611000212,1
2,7,2,3,1,2,1,0.566510112000287,1
2,7,2,3,1,1,1,0.709507708999809,1
2,7,2,3,2,2,2,0.583140652999646,1
2,7,2,3,2,2,2,0.915633180999976,1
2,7,2,3,1,1,1,0.354512339999928,1
2,7,2,3,2,1,2,0.274130839999998,1
2,8,1,4,2,1,2,0.454992741000751,1
2,8,1,4,1,2,1,0.379974172999937,1
2,8,1,4,1,1,1,0.637763796999934,1
2,8,1,4,2,2,2,0.759174491000522,1
2,8,1,4,2,2,2,0.447998229999939,1
2,8,1,4,2,1,2,0.32265885400011,1
2,8,1,4,1,2,1,0.60682426800031,1
2,8,1,4,1,1,1,0.363914008000393,1
2,8,1,1,2,1,2,1.46574163600053,1
2,8,1,1,1,2,1,0.367036880000342,1
2,8,1,1,1,2,1,0.346932025000569,1
2,8,1,1,2,2,2,0.361370330999307,1
2,8,1,1,2,1,2,0.294302907999736,1
2,8,1,1,2,2,2,0.399116612999933,1
2,8,1,1,1,1,1,0.635285504000421,1
2,8,1,1,1,1,1,0.700819258000593,1
2,8,1,2,2,1,2,0.425434331000361,1
2,8,1,2,1,1,1,0.326068471999861,1
2,8,1,2,2,2,2,0.6081476319996,1
2,8,1,2,2,1,2,0.439421410999785,1
2,8,1,2,1,2,1,0.32848839000053,1
2,8,1,2,2,2,2,0.429809342999761,1
2,8,1,2,1,2,1,0.26500501999999,1
2,8,1,2,1,1,1,0.286657804999777,1
2,8,1,3,1,2,1,0.347269588000017,1
2,8,1,3,2,2,2,0.328281760999744,1
2,8,1,3,1,1,1,0.297911525999552,1
2,8,1,3,2,1,2,0.268406664999929,1
2,8,1,3,1,1,1,0.28765360899979,1
2,8,1,3,2,2,2,0.596201481999742,1
2,8,1,3,1,2,1,0.293200328999774,1
2,8,1,3,2,1,2,0.427296439000202,1
2,9,2,1,1,2,1,0.53412453600049,1
2,9,2,1,1,1,1,0.806717381999988,1
2,9,2,1,1,2,1,0.515658975999941,1
2,9,2,1,2,2,2,0.30964943500021,1
2,9,2,1,2,1,2,0.410968692999631,1
2,9,2,1,2,2,2,0.275666735999948,1
2,9,2,1,2,1,1,0.637291441999878,0
2,9,2,1,1,1,1,0.348300095000013,1
2,9,2,4,2,1,2,1.20689179700003,1
2,9,2,4,2,1,2,0.398637788000087,1
2,9,2,4,1,1,1,0.372086069000034,1
2,9,2,4,2,2,2,0.356068901999606,1
2,9,2,4,1,2,1,0.313897011000336,1
2,9,2,4,1,2,1,0.71724966200054,1
2,9,2,4,1,1,1,0.91640421000011,1
2,9,2,4,2,2,2,0.815781848999904,1
2,9,2,3,1,2,1,1.65994918399974,1
2,9,2,3,2,1,1,0.634467489000599,0
2,9,2,3,1,1,1,0.505975650000437,1
2,9,2,3,2,2,2,0.619394188000115,1
2,9,2,3,1,2,1,0.388561834000029,1
2,9,2,3,1,1,1,0.689822577999621,1
2,9,2,3,2,1,2,0.458955785000398,1
2,9,2,3,2,2,2,0.478838011999869,1
2,9,2,2,2,2,2,1.19795852800053,1
2,9,2,2,1,2,1,0.282469069999934,1
2,9,2,2,2,1,2,0.377317231000234,1
2,9,2,2,1,1,1,0.330170072000328,1
2,9,2,2,2,1,2,0.789915213000313,1
2,9,2,2,1,2,1,0.488175556999522,1
2,9,2,2,2,2,2,0.304830208000567,1
2,9,2,2,1,1,1,0.444287464999434,1
2,10,1,1,1,1,1,0.58824746099981,1
2,10,1,1,2,2,2,0.316430689999834,1
2,10,1,1,1,1,1,0.300669356000071,1
2,10,1,1,1,2,2,0.639989384000728,0
2,10,1,1,1,2,1,0.305576041999302,1
2,10,1,1,2,1,2,0.50897779800016,1
2,10,1,1,2,1,2,0.942854999999327,1
2,10,1,1,2,2,2,0.35348524499932,1
2,10,1,3,2,2,2,0.61638613300056,1
2,10,1,3,1,2,1,0.323812280000311,1
2,10,1,3,1,2,1,0.336070991999804,1
2,10,1,3,1,1,1,0.258497026999976,1
2,10,1,3,2,2,2,0.445513095000024,1
2,10,1,3,2,1,2,0.542716576999737,1
2,10,1,3,2,1,2,0.406042352999975,1
2,10,1,3,1,1,1,0.280346217999977,1
2,10,1,4,1,2,2,0.467509525999958,0
2,10,1,4,2,1,1,1.41159261499979,0
2,10,1,4,1,1,0,0,0
2,10,1,4,2,2,1,1.05854586700025,0
2,10,1,4,2,1,0,0,0
2,10,1,4,2,2,0,0,0
2,10,1,4,1,2,1,1.21111711899994,1
2,10,1,4,1,1,1,0.766129161999743,1
2,10,1,2,1,2,2,0.624101331999555,0
2,10,1,2,1,2,0,0,0
2,10,1,2,1,1,2,0.54366840000057,0
2,10,1,2,2,1,1,0.789569274999849,0
2,10,1,2,2,2,2,0.913226003000091,1
2,10,1,2,2,1,2,1.70155515900024,1
2,10,1,2,2,2,1,1.30243796000013,0
2,10,1,2,1,1,1,0.754903785999886,1
2,11,2,2,2,2,2,0.598005314999682,1
2,11,2,2,2,2,2,0.368605118999767,1
2,11,2,2,1,1,1,0.634675213999799,1
2,11,2,2,2,1,2,0.537051034999422,1
2,11,2,2,1,2,1,0.520938200999808,1
2,11,2,2,2,1,2,0.80634428599933,1
2,11,2,2,1,2,1,0.368269994000002,1
2,11,2,2,1,1,1,0.394166342000062,1
2,11,2,4,1,1,1,0.690489647000504,1
2,11,2,4,2,2,1,0.393353755999669,0
2,11,2,4,1,2,1,0.724861835000411,1
2,11,2,4,1,1,1,0.425979429999643,1
2,11,2,4,2,1,2,0.462372883999706,1
2,11,2,4,1,2,1,0.468428864000089,1
2,11,2,4,2,2,2,0.452529301999675,1
2,11,2,4,2,1,2,0.49716755999998,1
2,11,2,1,2,1,2,0.946898399999554,1
2,11,2,1,1,1,1,0.297249148000446,1
2,11,2,1,2,2,2,0.78932320200056,1
2,11,2,1,1,2,1,0.919936878999579,1
2,11,2,1,1,2,1,0.828165173000343,1
2,11,2,1,2,2,2,0.464289857999574,1
2,11,2,1,1,1,1,0.838468592999561,1
2,11,2,1,2,1,2,0.362177353999869,1
2,11,2,3,1,1,1,1.0626198279997,1
2,11,2,3,1,2,1,0.414859909999905,1
2,11,2,3,2,2,2,0.313649839000391,1
2,11,2,3,1,1,1,0.370458608000263,1
2,11,2,3,1,2,1,0.883119351999994,1
2,11,2,3,2,1,2,0.603454366999358,1
2,11,2,3,2,1,2,0.912722467999629,1
2,11,2,3,2,2,2,0.512108826999793,1
2,12,1,3,1,1,1,0.532946145000096,1
2,12,1,3,2,1,2,0.511799542000517,1
2,12,1,3,2,2,2,0.453191785000854,1
2,12,1,3,2,1,2,0.2857540899995,1
2,12,1,3,1,2,1,0.347394401000201,1
2,12,1,3,2,2,2,0.447200218999569,1
2,12,1,3,1,1,1,0.682855657999426,1
2,12,1,3,1,2,1,0.561184306000541,1
2,12,1,1,1,1,1,0.39684409199981,1
2,12,1,1,2,2,2,0.359757199999876,1
2,12,1,1,2,1,2,0.225596537999991,1
2,12,1,1,2,1,2,0.51820467699963,1
2,12,1,1,1,1,1,0.317802097999447,1
2,12,1,1,2,2,2,0.64207333899958,1
2,12,1,1,1,2,1,0.46012480599984,1
2,12,1,1,1,2,1,1.36647905900008,1
2,12,1,4,1,2,1,0.585430246999749,1
2,12,1,4,2,1,2,0.337987426999462,1
2,12,1,4,1,1,1,0.634921951000251,1
2,12,1,4,2,2,2,0.586646554999788,1
2,12,1,4,2,2,2,0.432445946999906,1
2,12,1,4,1,1,1,0.367582541000047,1
2,12,1,4,1,2,1,0.395039213000018,1
2,12,1,4,2,1,2,1.0841008110001,1
2,12,1,2,2,2,2,0.37023367600068,1
2,12,1,2,2,2,2,0.930117904999861,1
2,12,1,2,1,1,1,0.420528679000199,1
2,12,1,2,1,2,1,0.493991487999665,1
2,12,1,2,2,1,2,0.48985910600004,1
2,12,1,2,1,2,1,0.490572873000019,1
2,12,1,2,2,1,2,0.333708983000179,1
2,12,1,2,1,1,1,0.530477281999993,1
2,13,2,3,1,2,1,0.599435649000043,1
2,13,2,3,1,1,1,0.803099278000445,1
2,13,2,3,2,1,2,0.658500651000395,1
2,13,2,3,2,2,2,0.538670167999953,1
2,13,2,3,2,2,2,0.546721442000489,1
2,13,2,3,1,2,1,0.360888984000667,1
2,13,2,3,2,1,2,0.488803688000189,1
2,13,2,3,1,1,1,0.509833322000304,1
2,13,2,4,2,2,2,0.856606696000199,1
2,13,2,4,2,2,2,0.40850495199993,1
2,13,2,4,2,1,2,0.470564823000132,1
2,13,2,4,2,1,2,0.550651662000746,1
2,13,2,4,1,1,1,0.330367603999548,1
2,13,2,4,1,2,1,0.682648545999655,1
2,13,2,4,1,1,1,0.417369904999759,1
2,13,2,4,1,2,1,0.30131952299962,1
2,13,2,1,1,2,1,0.612511638999422,1
2,13,2,1,1,1,1,0.69858704500075,1
2,13,2,1,1,1,1,0.367804894999608,1
2,13,2,1,2,2,2,0.544891237000229,1
2,13,2,1,2,2,2,0.477664037999602,1
2,13,2,1,1,2,1,0.283681594999507,1
2,13,2,1,2,1,2,0.76801167099984,1
2,13,2,1,2,1,2,0.692205158999968,1
2,13,2,2,2,1,2,0.404405374999442,1
2,13,2,2,2,2,2,0.417199987999993,1
2,13,2,2,2,2,2,0.335878691000289,1
2,13,2,2,1,2,1,0.409235652000461,1
2,13,2,2,1,1,1,0.551152865000404,1
2,13,2,2,1,2,1,0.388088151999909,1
2,13,2,2,2,1,2,0.652243683999586,1
2,13,2,2,1,1,1,0.285282628999994,1
3,1,1,1,1,2,1,1.17848793699523,1
3,1,1,1,2,1,2,0.633479600997816,1
3,1,1,1,1,1,1,0.646359897000366,1
3,1,1,1,2,2,2,0.479255578000448,1
3,1,1,1,2,2,2,0.398837217995606,1
3,1,1,1,2,1,2,0.455100539998966,1
3,1,1,1,1,1,1,0.362044264002179,1
3,1,1,1,1,2,2,0.41046600700065,0
3,1,1,2,2,2,2,0.541029779997189,1
3,1,1,2,1,2,1,0.628807919005339,1
3,1,1,2,2,2,1,0.408297984999081,0
3,1,1,2,1,1,1,0.410781277001661,1
3,1,1,2,1,2,2,0.492203032001271,0
3,1,1,2,1,1,1,0.716445318998012,1
3,1,1,2,2,1,2,0.340464910004812,1
3,1,1,2,2,1,2,0.311182435994851,1
3,1,1,4,1,1,1,2.20179736900172,1
3,1,1,4,1,2,1,0.511260102000961,1
3,1,1,4,2,2,2,0.336037023000245,1
3,1,1,4,2,1,1,0.691238105995581,0
3,1,1,4,1,1,1,0.351363647998369,1
3,1,1,4,2,1,2,0.288382550999813,1
3,1,1,4,1,2,1,0.380402494003647,1
3,1,1,4,2,2,2,0.343061146995751,1
3,1,1,3,2,2,2,1.20076221600175,1
3,1,1,3,2,2,2,0.387208144005854,1
3,1,1,3,1,1,1,0.605434964003507,1
3,1,1,3,1,2,2,0.86131250699691,0
3,1,1,3,2,1,2,0.401832946998184,1
3,1,1,3,1,1,1,0.515247615003318,1
3,1,1,3,1,2,1,0.513228709001851,1
3,1,1,3,2,1,2,0.412867188999371,1
3,2,2,3,2,1,1,1.78975951299799,0
3,2,2,3,1,1,2,1.04368824700214,0
3,2,2,3,2,1,1,1.37716777099558,0
3,2,2,3,1,1,1,0.509801430998778,1
3,2,2,3,1,2,1,1.03891592600121,1
3,2,2,3,1,2,1,0.418642910997733,1
3,2,2,3,2,2,2,0.398543579998659,1
3,2,2,3,2,2,2,0.430167963000713,1
3,2,2,4,1,1,1,0.467870530999789,1
3,2,2,4,2,1,2,0.301841364998836,1
3,2,2,4,1,1,2,0.304376280000724,0
3,2,2,4,1,2,1,0.362817683002504,1
3,2,2,4,1,2,1,0.281836305002798,1
3,2,2,4,2,1,2,0.532822842003952,1
3,2,2,4,2,2,2,0.323654615996929,1
3,2,2,4,2,2,2,0.33819157799735,1
3,2,2,2,2,2,2,0.567689114999666,1
3,2,2,2,2,1,2,0.461387471994385,1
3,2,2,2,1,2,1,0.432581731001846,1
3,2,2,2,1,1,1,0.561495335001382,1
3,2,2,2,2,2,2,0.634278988000005,1
3,2,2,2,1,1,1,0.296367233997444,1
3,2,2,2,2,1,2,0.391806696999993,1
3,2,2,2,1,2,1,0.41892850700242,1
3,2,2,1,1,2,1,0.444497214004514,1
3,2,2,1,2,1,2,0.37229633100651,1
3,2,2,1,1,2,1,0.558092232997296,1
3,2,2,1,1,1,1,0.441388846003974,1
3,2,2,1,2,2,2,0.639053220998903,1
3,2,2,1,2,2,2,0.434538569999859,1
3,2,2,1,1,1,1,0.404623718000948,1
3,2,2,1,2,1,2,0.557808423000097,1
3,3,1,4,2,2,2,0.711894503001531,1
3,3,1,4,1,2,2,0.50914212600037,0
3,3,1,4,2,2,2,0.302424219000386,1
3,3,1,4,2,1,2,0.309374837001087,1
3,3,1,4,1,1,1,0.291721977999259,1
3,3,1,4,2,1,2,0.331489365999005,1
3,3,1,4,1,1,1,0.356316862998938,1
3,3,1,4,1,2,1,0.307065027001954,1
3,3,1,3,1,1,1,0.446701250999467,1
3,3,1,3,1,1,1,0.314307696004107,1
3,3,1,3,2,1,2,0.286561986999004,1
3,3,1,3,2,2,2,0.438452988004428,1
3,3,1,3,2,1,2,0.374265512997226,1
3,3,1,3,1,2,1,0.440713203002815,1
3,3,1,3,2,2,2,0.491515492001781,1
3,3,1,3,1,2,2,0.398200360999908,0
3,3,1,2,1,2,1,0.547596823002095,1
3,3,1,2,2,1,2,0.360490246996051,1
3,3,1,2,2,2,2,0.542926857997372,1
3,3,1,2,2,2,2,0.364214041997911,1
3,3,1,2,1,1,1,0.539703561997158,1
3,3,1,2,2,1,2,0.377179281000281,1
3,3,1,2,1,2,1,0.37313874100073,1
3,3,1,2,1,1,1,0.408034782994946,1
3,3,1,1,2,2,2,0.795653732995561,1
3,3,1,1,1,2,1,0.380792445001134,1
3,3,1,1,1,1,1,0.309560364003119,1
3,3,1,1,2,1,2,0.345041234002565,1
3,3,1,1,2,2,2,0.415680256999622,1
3,3,1,1,1,2,1,0.368761345001985,1
3,3,1,1,2,1,2,0.383559231995605,1
3,3,1,1,1,1,1,0.376243596998393,1
3,4,2,4,1,1,1,0.657884859996557,1
3,4,2,4,1,2,1,0.663834307997604,1
3,4,2,4,1,1,1,0.385327937998227,1
3,4,2,4,2,2,2,0.755589701002464,1
3,4,2,4,2,1,2,0.419109504000517,1
3,4,2,4,2,2,2,0.528211970005941,1
3,4,2,4,2,1,2,0.945820912995259,1
3,4,2,4,1,2,1,0.378292330999102,1
3,4,2,3,2,2,2,0.435288796004897,1
3,4,2,3,2,1,2,0.406309813006374,1
3,4,2,3,1,2,1,0.270939401001669,1
3,4,2,3,2,1,2,0.40832139399572,1
3,4,2,3,1,1,2,0.454625965001469,0
3,4,2,3,1,2,1,0.4515698039977,1
3,4,2,3,2,2,2,0.508206037004129,1
3,4,2,3,1,1,1,0.308776687001227,1
3,4,2,2,1,1,1,1.30618723500083,1
3,4,2,2,1,2,1,0.313925024005584,1
3,4,2,2,2,2,2,0.315260741997918,1
3,4,2,2,1,1,1,0.262774022994563,1
3,4,2,2,2,1,2,0.238576702999126,1
3,4,2,2,2,1,2,0.357760293001775,1
3,4,2,2,1,2,1,0.358454057000927,1
3,4,2,2,2,2,2,0.257599422999192,1
3,4,2,1,2,2,2,0.52111507999507,1
3,4,2,1,1,2,1,0.767546514995047,1
3,4,2,1,2,1,2,0.290672133000044,1
3,4,2,1,1,1,1,0.273336767000728,1
3,4,2,1,2,2,2,0.260076000995468,1
3,4,2,1,1,2,1,0.466801612004929,1
3,4,2,1,1,1,1,0.791527334993589,1
3,4,2,1,2,1,2,0.427990784999565,1
3,5,1,4,2,1,1,0.55457061999914,0
3,5,1,4,1,1,2,0.723630066000624,0
3,5,1,4,1,1,2,0.369523118999496,0
3,5,1,4,2,1,2,0.635630176002451,1
3,5,1,4,1,2,2,1.43737807099387,0
3,5,1,4,2,2,1,0.574871058997815,0
3,5,1,4,2,2,1,0.933506575005595,0
3,5,1,4,1,2,2,1.51795874599338,0
3,5,1,3,2,2,2,0.447725591999188,1
3,5,1,3,1,1,1,0.270850883003732,1
3,5,1,3,1,2,2,0.298694408003939,0
3,5,1,3,1,2,2,0.333799535001162,0
3,5,1,3,2,1,2,0.6009120719973,1
3,5,1,3,1,1,1,0.418331214001228,1
3,5,1,3,2,1,2,0.336944998998661,1
3,5,1,3,2,2,2,0.419400566002878,1
3,5,1,2,2,1,2,0.555047198002285,1
3,5,1,2,2,2,2,0.641495951000252,1
3,5,1,2,1,1,1,0.5635313160019,1
3,5,1,2,1,2,1,0.392803702001402,1
3,5,1,2,1,2,1,0.377235332001874,1
3,5,1,2,1,1,1,0.329341179000039,1
3,5,1,2,2,2,2,0.328214434004622,1
3,5,1,2,2,1,2,0.433121021000261,1
3,5,1,1,2,1,2,0.444691096003226,1
3,5,1,1,2,2,2,0.462087061998318,1
3,5,1,1,2,1,2,0.341130708999117,1
3,5,1,1,1,1,1,0.294030072000169,1
3,5,1,1,1,2,1,0.349947668997629,1
3,5,1,1,1,1,1,0.446867170998303,1
3,5,1,1,2,2,2,0.412915269997029,1
3,5,1,1,1,2,1,0.363013351998234,1
3,6,2,2,2,1,0,0,0
3,6,2,2,1,2,1,1.01272766500188,1
3,6,2,2,1,1,1,0.348868064997077,1
3,6,2,2,2,2,2,0.671130531001836,1
3,6,2,2,1,2,1,0.379218176996801,1
3,6,2,2,2,1,2,0.389443556006881,1
3,6,2,2,1,1,1,0.554121769004269,1
3,6,2,2,2,2,2,0.500569386000279,1
3,6,2,1,1,2,1,0.437020318000577,1
3,6,2,1,1,1,1,0.466289435993531,1
3,6,2,1,2,1,2,0.633934209006839,1
3,6,2,1,2,2,1,0.56483850999939,0
3,6,2,1,1,1,1,0.339993293004227,1
3,6,2,1,1,2,1,0.603688240997144,1
3,6,2,1,2,2,2,0.494733795996581,1
3,6,2,1,2,1,2,0.454902318000677,1
3,6,2,4,1,2,1,0.911881662999804,1
3,6,2,4,2,2,2,0.267351720998704,1
3,6,2,4,2,2,2,0.384338741998363,1
3,6,2,4,2,1,2,0.551463478994265,1
3,6,2,4,2,1,2,0.285633766994579,1
3,6,2,4,1,2,1,0.33891952400154,1
3,6,2,4,1,1,1,0.487458700998104,1
3,6,2,4,1,1,1,0.329139957000734,1
3,6,2,3,2,1,2,0.462213774000702,1
3,6,2,3,2,1,2,0.285167551999621,1
3,6,2,3,2,2,2,0.634503787994618,1
3,6,2,3,1,2,1,0.321130092001113,1
3,6,2,3,1,1,1,0.469678640998609,1
3,6,2,3,2,2,2,0.65830157000164,1
3,6,2,3,1,1,1,0.491002040005696,1
3,6,2,3,1,2,1,0.348132124003314,1
3,7,1,4,1,1,1,0.574895295998431,1
3,7,1,4,2,2,2,0.433518911006104,1
3,7,1,4,2,1,2,0.697402240999509,1
3,7,1,4,1,2,1,0.351860456001305,1
3,7,1,4,1,1,1,0.296623150999949,1
3,7,1,4,1,2,1,0.277712207003788,1
3,7,1,4,2,2,2,0.368986783003493,1
3,7,1,4,2,1,2,0.330436923002708,1
3,7,1,3,1,1,1,0.444749563997902,1
3,7,1,3,1,2,2,0.30516381200141,0
3,7,1,3,2,2,2,0.449308365001343,1
3,7,1,3,2,1,2,0.281751692004036,1
3,7,1,3,2,1,2,0.29484613200475,1
3,7,1,3,2,2,2,0.685029403000954,1
3,7,1,3,1,2,1,0.37178140400647,1
3,7,1,3,1,1,1,0.319182524006465,1
3,7,1,1,1,2,1,0.478081877001387,1
3,7,1,1,2,2,2,0.287879928000621,1
3,7,1,1,1,1,1,0.31823348600301,1
3,7,1,1,2,1,2,0.271212762003415,1
3,7,1,1,1,2,1,0.400324094000098,1
3,7,1,1,2,1,2,0.373795298000914,1
3,7,1,1,1,1,1,0.333834808996471,1
3,7,1,1,2,2,2,0.471723246999318,1
3,7,1,2,1,1,1,0.446120462002,1
3,7,1,2,2,1,2,0.3096787970062,1
3,7,1,2,1,2,1,0.620041169997421,1
3,7,1,2,1,2,1,0.340284158999566,1
3,7,1,2,1,1,1,0.292135127005167,1
3,7,1,2,2,2,1,0.325298413998098,0
3,7,1,2,2,2,2,0.441799031003029,1
3,7,1,2,2,1,2,0.586335659005272,1
3,8,2,4,1,2,1,0.518461726998794,1
3,8,2,4,1,1,1,0.535464515996864,1
3,8,2,4,2,2,2,0.375908884998353,1
3,8,2,4,1,1,1,0.485126229003072,1
3,8,2,4,2,1,2,0.431529011999373,1
3,8,2,4,1,2,1,0.474025668001559,1
3,8,2,4,2,2,2,0.466875092002738,1
3,8,2,4,2,1,2,0.380184170004213,1
3,8,2,3,2,1,2,0.442682555993088,1
3,8,2,3,1,2,1,0.485016165002889,1
3,8,2,3,1,1,1,0.443851236996124,1
3,8,2,3,2,1,2,0.23365971500607,1
3,8,2,3,2,2,2,0.424078575000749,1
3,8,2,3,1,2,1,0.315084875997854,1
3,8,2,3,1,1,1,0.304557702998864,1
3,8,2,3,2,2,2,0.730251713001053,1
3,8,2,2,2,2,2,0.859208679001313,1
3,8,2,2,1,1,1,0.309045538000646,1
3,8,2,2,1,1,1,0.342286471000989,1
3,8,2,2,2,2,1,0.358532525999181,0
3,8,2,2,1,2,1,0.350245859001006,1
3,8,2,2,2,1,2,0.384199319996696,1
3,8,2,2,1,2,1,0.396697761992982,1
3,8,2,2,2,1,2,0.39072948100511,1
3,8,2,1,1,2,1,0.835061072997632,1
3,8,2,1,1,1,1,0.549458096000308,1
3,8,2,1,1,1,1,0.374688697003876,1
3,8,2,1,2,1,2,0.252097316995787,1
3,8,2,1,1,2,2,0.346807542002352,0
3,8,2,1,2,2,2,0.452725651994115,1
3,8,2,1,2,1,2,0.426496279003914,1
3,8,2,1,2,2,2,0.638390025997069,1
3,9,1,4,1,1,1,0.476297492998128,1
3,9,1,4,1,1,1,0.31643318800343,1
3,9,1,4,2,1,2,0.469865546998335,1
3,9,1,4,1,2,1,0.46905190700636,1
3,9,1,4,2,2,2,0.265029985006549,1
3,9,1,4,2,1,2,0.312664409000718,1
3,9,1,4,2,2,2,0.443742270006624,1
3,9,1,4,1,2,1,0.303009422001196,1
3,9,1,2,1,2,1,0.419717149001372,1
3,9,1,2,2,2,2,0.328825930999301,1
3,9,1,2,1,1,1,0.388644636994286,1
3,9,1,2,2,2,2,0.710357179996208,1
3,9,1,2,1,2,1,0.299912479997147,1
3,9,1,2,2,1,2,0.337949428001593,1
3,9,1,2,2,1,2,0.3241471690053,1
3,9,1,2,1,1,1,0.330754372000229,1
3,9,1,1,2,2,2,0.446337200999551,1
3,9,1,1,2,2,2,0.319198615994537,1
3,9,1,1,1,1,1,0.304530399000214,1
3,9,1,1,1,2,1,0.349198731993965,1
3,9,1,1,2,1,2,0.356620753002062,1
3,9,1,1,1,2,2,0.650624024005083,0
3,9,1,1,1,1,1,0.273802600997442,1
3,9,1,1,2,1,2,0.272359798000252,1
3,9,1,3,2,1,2,0.490771548997145,1
3,9,1,3,1,2,1,0.668226006004261,1
3,9,1,3,1,1,1,0.299034401003155,1
3,9,1,3,1,1,1,0.309245196003758,1
3,9,1,3,2,2,2,0.2900505409998,1
3,9,1,3,2,2,2,0.304844174999744,1
3,9,1,3,1,2,1,0.335379126001499,1
3,9,1,3,2,1,2,0.269898719998309,1
3,10,2,3,1,2,1,0.689741059002699,1
3,10,2,3,2,2,2,0.572902797001007,1
3,10,2,3,2,1,2,0.422535482000967,1
3,10,2,3,1,2,1,0.535457914003928,1
3,10,2,3,2,1,2,0.317445432003296,1
3,10,2,3,2,2,2,0.751543635000417,1
3,10,2,3,1,1,1,0.590649591998954,1
3,10,2,3,1,1,1,0.358740914001828,1
3,10,2,1,2,1,2,0.841342656000052,1
3,10,2,1,2,2,2,0.64451564099727,1
3,10,2,1,2,2,1,0.601499838994641,0
3,10,2,1,1,2,1,0.512642127003346,1
3,10,2,1,1,2,1,0.825745408001239,1
3,10,2,1,1,1,1,0.530892463997588,1
3,10,2,1,2,1,2,0.478383776004193,1
3,10,2,1,1,1,1,0.498556342994561,1
3,10,2,2,2,1,2,0.444244981001248,1
3,10,2,2,1,2,1,0.443977707000158,1
3,10,2,2,2,1,2,0.470304446003865,1
3,10,2,2,1,1,1,0.281901287002256,1
3,10,2,2,2,2,2,0.359415033002733,1
3,10,2,2,2,2,2,0.709515415001079,1
3,10,2,2,1,2,1,0.233188783000514,1
3,10,2,2,1,1,1,0.533385370996257,1
3,10,2,4,1,2,1,0.736092925006233,1
3,10,2,4,1,2,1,0.299270408002485,1
3,10,2,4,2,2,2,0.27362398400146,1
3,10,2,4,1,1,1,0.415708961001656,1
3,10,2,4,2,2,2,0.302206988002581,1
3,10,2,4,2,1,2,0.369617907999782,1
3,10,2,4,2,1,2,0.449532758000714,1
3,10,2,4,1,1,2,0.403858786005003,0
3,11,1,3,2,1,2,0.484863650002808,1
3,11,1,3,2,2,2,0.625554439000553,1
3,11,1,3,1,1,1,0.521369848000177,1
3,11,1,3,2,2,2,0.41733072399802,1
3,11,1,3,1,2,1,0.30885282500094,1
3,11,1,3,2,1,2,0.378015508998942,1
3,11,1,3,1,2,1,0.535600198003522,1
3,11,1,3,1,1,1,0.419575585998246,1
3,11,1,4,1,1,1,0.440869648999069,1
3,11,1,4,2,2,2,0.404993503994774,1
3,11,1,4,1,1,1,0.390189313999144,1
3,11,1,4,1,2,1,0.488374685999588,1
3,11,1,4,2,1,2,0.428319851998822,1
3,11,1,4,1,2,1,0.379079420003109,1
3,11,1,4,2,2,2,0.34374305500387,1
3,11,1,4,2,1,2,0.301356449002924,1
3,11,1,2,1,2,1,0.446774145995732,1
3,11,1,2,1,1,1,0.318829666000966,1
3,11,1,2,1,2,2,0.308566799998516,0
3,11,1,2,2,2,2,0.489222539996263,1
3,11,1,2,2,2,2,0.537014446999819,1
3,11,1,2,2,1,2,0.322927342000185,1
3,11,1,2,1,1,1,0.290934619006293,1
3,11,1,2,2,1,2,0.336295089997293,1
3,11,1,1,2,1,2,0.373201618996973,1
3,11,1,1,2,2,2,0.641767815999629,1
3,11,1,1,1,1,1,0.353009364000172,1
3,11,1,1,1,2,1,0.450977360997058,1
3,11,1,1,2,1,2,0.374154263001401,1
3,11,1,1,1,2,1,0.473591917994781,1
3,11,1,1,1,1,1,0.564688742000726,1
3,11,1,1,2,2,2,0.471262777995435,1
3,12,2,4,1,1,1,0.630987903998175,1
3,12,2,4,1,2,1,0.640103406003618,1
3,12,2,4,2,1,2,0.399324128004082,1
3,12,2,4,2,2,2,0.462596575001953,1
3,12,2,4,2,1,2,0.378720961998624,1
3,12,2,4,2,2,2,0.344577183997899,1
3,12,2,4,1,2,1,0.266097599997011,1
3,12,2,4,1,1,1,0.399664484000823,1
3,12,2,2,2,1,2,0.406804944999749,1
3,12,2,2,2,2,2,0.445272278993798,1
3,12,2,2,2,2,2,0.353639063003357,1
3,12,2,2,1,1,1,0.395198161000735,1
3,12,2,2,1,2,1,0.767066826003429,1
3,12,2,2,1,2,1,0.350750887999311,1
3,12,2,2,1,1,1,0.334762180995313,1
3,12,2,2,2,1,2,0.364209806000872,1
3,12,2,3,1,1,1,0.342515215001185,1
3,12,2,3,2,1,2,0.498813433994655,1
3,12,2,3,2,2,2,0.542225901001075,1
3,12,2,3,2,2,2,0.402640239997709,1
3,12,2,3,1,2,1,0.545247325004311,1
3,12,2,3,2,1,2,0.453401892998954,1
3,12,2,3,1,2,1,0.567975432997628,1
3,12,2,3,1,1,1,0.311902137000288,1
3,12,2,1,1,2,1,0.442769916000543,1
3,12,2,1,2,2,2,0.435912230001122,1
3,12,2,1,2,2,2,0.368268811995222,1
3,12,2,1,2,1,2,0.481575701000111,1
3,12,2,1,1,1,1,0.332767553998565,1
3,12,2,1,1,1,1,0.296311148995301,1
3,12,2,1,1,2,2,0.41475437200279,0
3,12,2,1,2,1,2,0.780441322996921,1
3,13,1,1,2,1,2,0.466489837999688,1
3,13,1,1,2,2,2,0.603092185003334,1
3,13,1,1,1,2,1,0.29886928400083,1
3,13,1,1,2,2,2,0.25308719700115,1
3,13,1,1,2,1,2,0.316410361003364,1
3,13,1,1,1,1,1,0.261689297003613,1
3,13,1,1,1,2,1,0.265300781000406,1
3,13,1,1,1,1,1,0.318171617000189,1
3,13,1,4,2,2,2,0.779145806998713,1
3,13,1,4,2,1,2,0.460328875000414,1
3,13,1,4,2,1,2,0.379005326001788,1
3,13,1,4,1,1,1,0.355499783996493,1
3,13,1,4,1,2,1,0.423134293996554,1
3,13,1,4,2,2,2,0.36550369500037,1
3,13,1,4,1,1,1,0.472698899000534,1
3,13,1,4,1,2,2,0.34526379500312,0
3,13,1,2,1,1,1,0.444954582999344,1
3,13,1,2,2,2,2,0.502158873998269,1
3,13,1,2,2,2,2,0.460906810003507,1
3,13,1,2,2,1,2,0.234547415995621,1
3,13,1,2,1,2,2,0.324720634998812,0
3,13,1,2,1,2,1,0.495865638004034,1
3,13,1,2,2,1,2,0.614895356993657,1
3,13,1,2,1,1,1,0.358282376000716,1
3,13,1,3,1,1,1,0.447319578997849,1
3,13,1,3,2,1,2,0.278818111000874,1
3,13,1,3,1,1,1,0.317332346996409,1
3,13,1,3,1,2,1,0.692418266000459,1
3,13,1,3,1,2,1,0.469240595004521,1
3,13,1,3,2,2,2,0.316457100998377,1
3,13,1,3,2,1,2,0.333775947001413,1
3,13,1,3,2,2,2,0.370255114001338,1
4,1,2,2,1,1,2,0.983471306994034,0
4,1,2,2,2,2,2,1.29818254400016,1
4,1,2,2,1,1,1,0.397347072001139,1
4,1,2,2,2,1,2,0.483171877000132,1
4,1,2,2,1,2,1,0.364107720000902,1
4,1,2,2,2,2,2,0.302113297999313,1
4,1,2,2,1,2,1,0.286622121995606,1
4,1,2,2,2,1,2,0.517486548997113,1
4,1,2,3,1,2,1,0.462109956999484,1
4,1,2,3,1,1,1,0.300879258997156,1
4,1,2,3,2,2,2,0.581491407996509,1
4,1,2,3,2,1,2,0.598363981000148,1
4,1,2,3,1,2,2,0.54430645499815,0
4,1,2,3,2,1,2,0.801853515004041,1
4,1,2,3,2,2,2,0.434082282001327,1
4,1,2,3,1,1,1,0.306047568003123,1
4,1,2,1,1,1,1,0.880371428000217,1
4,1,2,1,2,2,2,0.559289406999596,1
4,1,2,1,1,2,1,0.37955924400012,1
4,1,2,1,1,1,1,0.749598984999466,1
4,1,2,1,2,1,2,0.218474888002675,1
4,1,2,1,2,2,1,0.346854828996584,0
4,1,2,1,2,1,2,0.553389296997921,1
4,1,2,1,1,2,1,0.485494371998357,1
4,1,2,4,1,1,1,0.445552695004153,1
4,1,2,4,2,2,2,0.585627884996939,1
4,1,2,4,1,2,1,0.316731206003169,1
4,1,2,4,1,2,1,0.317514513000788,1
4,1,2,4,2,2,2,0.300556276000862,1
4,1,2,4,2,1,1,0.526179549000517,0
4,1,2,4,2,1,2,0.42603027199948,1
4,1,2,4,1,1,1,0.662769032001961,1
4,2,1,4,2,2,2,0.705363695000415,1
4,2,1,4,1,2,1,0.711311783001292,1
4,2,1,4,1,1,1,0.356559225001547,1
4,2,1,4,2,1,2,0.277252200001385,1
4,2,1,4,1,2,1,0.539385210999171,1
4,2,1,4,1,1,2,0.478425897999841,0
4,2,1,4,2,2,1,0.45695414399961,0
4,2,1,4,2,1,2,0.617929129002732,1
4,2,1,3,1,1,1,0.437651460000779,1
4,2,1,3,1,1,1,0.284092435002094,1
4,2,1,3,2,1,2,0.284720652001852,1
4,2,1,3,2,2,2,0.476370830001542,1
4,2,1,3,2,2,2,0.273691460999544,1
4,2,1,3,1,2,1,0.305429944994103,1
4,2,1,3,2,1,2,0.339488300000085,1
4,2,1,3,1,2,1,0.545659966999665,1
4,2,1,1,2,2,2,0.503924155993445,1
4,2,1,1,1,2,1,0.228985517998808,1
4,2,1,1,1,2,1,0.461114365003596,1
4,2,1,1,1,1,1,0.502985819999594,1
4,2,1,1,2,1,2,0.273204277000332,1
4,2,1,1,1,1,1,0.333802806999302,1
4,2,1,1,2,2,1,0.33455453300121,0
4,2,1,1,2,1,2,0.372511925997969,1
4,2,1,2,2,2,2,0.58499434600526,1
4,2,1,2,2,1,2,0.947853482997743,1
4,2,1,2,1,1,1,0.27986536899698,1
4,2,1,2,2,1,2,0.395127346004301,1
4,2,1,2,2,2,1,0.338304904995312,0
4,2,1,2,1,2,1,0.392780548994779,1
4,2,1,2,1,2,1,0.365469989003032,1
4,2,1,2,1,1,1,0.374676560997614,1
4,3,2,1,1,1,1,0.530127144993457,1
4,3,2,1,2,1,2,0.511052319001465,1
4,3,2,1,2,2,2,0.487352327996632,1
4,3,2,1,2,1,2,0.385125995002454,1
4,3,2,1,1,2,2,0.292379504993733,0
4,3,2,1,2,2,2,0.413828531003674,1
4,3,2,1,1,1,1,0.669710925001709,1
4,3,2,1,1,2,1,0.734057558998757,1
4,3,2,4,1,2,1,0.440008097000828,1
4,3,2,4,1,2,1,0.320084580002003,1
4,3,2,4,2,2,1,0.525166142004309,0
4,3,2,4,1,1,1,0.454080581002927,1
4,3,2,4,2,1,2,0.835897424003633,1
4,3,2,4,2,2,2,0.629274607999832,1
4,3,2,4,2,1,2,0.486646388002555,1
4,3,2,4,1,1,1,0.384790333002456,1
4,3,2,3,2,1,2,0.775172764995659,1
4,3,2,3,2,2,2,0.460917331998644,1
4,3,2,3,1,2,1,0.32954589700239,1
4,3,2,3,1,1,1,0.541608116000134,1
4,3,2,3,2,1,2,0.352345210005296,1
4,3,2,3,2,2,2,0.7737161010009,1
4,3,2,3,1,2,1,0.699990439003159,1
4,3,2,3,1,1,2,0.659736298999633,0
4,3,2,2,1,2,1,0.436139263998484,1
4,3,2,2,2,1,2,0.346999564004363,1
4,3,2,2,2,2,2,0.326717989002645,1
4,3,2,2,1,2,1,0.274646330006362,1
4,3,2,2,1,1,2,0.290028773000813,0
4,3,2,2,1,1,1,0.307294190002722,1
4,3,2,2,2,1,2,0.356512414000463,1
4,3,2,2,2,2,2,0.976737917000719,1
4,4,1,3,1,2,2,0.875413775000197,0
4,4,1,3,1,1,1,0.682279658001789,1
4,4,1,3,2,2,2,0.512564452998049,1
4,4,1,3,1,1,1,0.285622844996396,1
4,4,1,3,2,1,2,0.263427896003122,1
4,4,1,3,2,2,2,0.622894221000024,1
4,4,1,3,2,1,2,0.801938804004749,1
4,4,1,3,1,2,2,0.368594628998835,0
4,4,1,4,1,2,1,0.620540037001774,1
4,4,1,4,1,1,1,0.245059983993997,1
4,4,1,4,2,2,2,0.471225230001437,1
4,4,1,4,1,1,1,0.511178445995029,1
4,4,1,4,2,1,2,0.369549101997109,1
4,4,1,4,2,1,2,0.5093747649953,1
4,4,1,4,1,2,1,0.970310618999065,1
4,4,1,4,2,2,2,0.411051531998964,1
4,4,1,1,1,1,2,1.02345562399569,0
4,4,1,1,2,2,2,0.371642163998331,1
4,4,1,1,2,2,2,0.612031102995388,1
4,4,1,1,2,1,1,0.297763162001502,0
4,4,1,1,1,2,1,1.02544302100432,1
4,4,1,1,2,1,2,0.486957925000752,1
4,4,1,1,1,1,1,0.382408188001136,1
4,4,1,1,1,2,1,0.787407033996715,1
4,4,1,2,2,2,2,0.503636671004642,1
4,4,1,2,1,2,1,0.317905280004197,1
4,4,1,2,1,2,1,0.520915469998727,1
4,4,1,2,2,1,2,0.419160527002532,1
4,4,1,2,1,1,1,0.435757127997931,1
4,4,1,2,2,2,2,0.55702581499645,1
4,4,1,2,1,1,2,0.419672527001239,0
4,4,1,2,2,1,2,0.455671574003645,1
4,5,2,1,1,2,1,0.413422368001193,1
4,5,2,1,1,1,2,0.606670774002851,0
4,5,2,1,2,1,2,0.62387481299811,1
4,5,2,1,1,1,1,0.321134220001113,1
4,5,2,1,1,2,1,0.554280564996589,1
4,5,2,1,2,1,2,0.701713302005373,1
4,5,2,1,2,2,2,1.01861850500427,1
4,5,2,1,2,2,2,0.35588039799768,1
4,5,2,4,1,1,1,0.318751763996261,1
4,5,2,4,2,2,2,0.576438824995421,1
4,5,2,4,2,2,2,0.387516681999841,1
4,5,2,4,1,2,1,0.334626019997813,1
4,5,2,4,1,2,1,0.333428270001605,1
4,5,2,4,1,1,1,0.429682884001522,1
4,5,2,4,2,1,2,0.545355893998931,1
4,5,2,4,2,1,2,0.435732393001672,1
4,5,2,3,1,1,1,0.64313256299647,1
4,5,2,3,2,2,2,0.54452234099881,1
4,5,2,3,1,1,1,0.546125075998134,1
4,5,2,3,2,1,2,0.396578544001386,1
4,5,2,3,1,2,2,0.332556296998519,0
4,5,2,3,1,2,1,0.438349224001286,1
4,5,2,3,2,2,2,0.281140766004683,1
4,5,2,3,2,1,1,0.525604419002775,0
4,5,2,2,1,1,1,1.61602658899938,1
4,5,2,2,2,1,2,0.637628769000003,1
4,5,2,2,2,1,2,0.428216841995891,1
4,5,2,2,1,1,2,0.590014747001987,0
4,5,2,2,2,2,1,0.426173252002627,0
4,5,2,2,1,2,1,0.37349787200219,1
4,5,2,2,2,2,2,0.343996932999289,1
4,5,2,2,1,2,1,0.33600323999417,1
4,6,1,2,1,1,1,1.14092420900124,1
4,6,1,2,2,2,2,0.560628282000835,1
4,6,1,2,1,2,1,0.632013214002654,1
4,6,1,2,1,2,1,0.403616244002478,1
4,6,1,2,2,1,1,0.339773383006104,0
4,6,1,2,1,1,1,0.277504297999258,1
4,6,1,2,2,2,2,0.575792696006829,1
4,6,1,2,2,1,2,0.34376023200457,1
4,6,1,1,1,1,1,0.92975371099601,1
4,6,1,1,2,1,2,0.361797770005069,1
4,6,1,1,1,2,2,0.601376815997355,0
4,6,1,1,2,1,2,0.3389571910011,1
4,6,1,1,2,2,2,0.557738520001294,1
4,6,1,1,2,2,2,0.284811344004993,1
4,6,1,1,1,2,1,0.339736218003964,1
4,6,1,1,1,1,1,0.31054237200442,1
4,6,1,4,1,2,1,0.449755478999577,1
4,6,1,4,1,1,1,0.3408399559994,1
4,6,1,4,2,2,2,0.65203912799916,1
4,6,1,4,1,2,1,0.27213076899352,1
4,6,1,4,2,1,2,0.264788765001867,1
4,6,1,4,2,2,1,0.470195027002774,0
4,6,1,4,1,1,1,0.741449214001477,1
4,6,1,4,2,1,2,0.363841661004699,1
4,6,1,3,1,2,2,0.541051033003896,0
4,6,1,3,1,1,1,0.307609814000898,1
4,6,1,3,2,2,2,0.538044076994993,1
4,6,1,3,2,2,2,0.440734648000216,1
4,6,1,3,1,1,1,0.475134967004124,1
4,6,1,3,2,1,2,0.261226829003135,1
4,6,1,3,1,2,2,0.295518048995291,0
4,6,1,3,2,1,2,0.347483495999768,1
4,7,2,2,1,1,1,0.480554088993813,1
4,7,2,2,2,2,2,0.431327835998673,1
4,7,2,2,2,1,1,0.603429164999397,0
4,7,2,2,1,2,1,0.468502301999251,1
4,7,2,2,2,2,2,0.919100467996032,1
4,7,2,2,2,1,2,0.606473341998935,1
4,7,2,2,1,2,2,0.409668557003897,0
4,7,2,2,1,1,1,0.958834437995392,1
4,7,2,4,2,1,2,0.640057536998938,1
4,7,2,4,2,2,2,0.891993744000501,1
4,7,2,4,1,2,1,0.270164171997749,1
4,7,2,4,2,1,2,0.325962691000313,1
4,7,2,4,1,1,1,0.715633879000961,1
4,7,2,4,2,2,2,0.532108651997987,1
4,7,2,4,1,2,1,0.906987231996027,1
4,7,2,4,1,1,2,0.414174678000563,0
4,7,2,3,1,1,1,0.442059073000564,1
4,7,2,3,2,2,2,0.564504267000302,1
4,7,2,3,1,2,1,0.422024583996972,1
4,7,2,3,2,1,2,0.706432400998892,1
4,7,2,3,2,2,2,0.687924810998084,1
4,7,2,3,1,1,1,0.705762978999701,1
4,7,2,3,1,2,2,0.768022342999757,0
4,7,2,3,2,1,2,0.911023610999109,1
4,7,2,1,1,2,1,0.441840908999438,1
4,7,2,1,2,2,2,0.241500566000468,1
4,7,2,1,1,2,2,0.434543743001996,0
4,7,2,1,1,1,1,0.291724349997821,1
4,7,2,1,1,1,1,0.684785798999656,1
4,7,2,1,2,2,2,0.743261380004697,1
4,7,2,1,2,1,2,0.770642259994929,1
4,7,2,1,2,1,2,0.473557242999959,1
4,8,1,1,1,2,2,0.996159293004894,0
4,8,1,1,2,2,1,1.03722651000135,0
4,8,1,1,1,1,2,0.511929833002796,0
4,8,1,1,2,1,1,1.68981080400408,0
4,8,1,1,2,2,0,0,0
4,8,1,1,2,1,0,0,0
4,8,1,1,1,2,0,0,0
4,8,1,1,1,1,1,0.65791254099895,1
4,8,1,2,2,1,2,0.626228171997354,1
4,8,1,2,2,1,2,0.353172987001017,1
4,8,1,2,1,2,2,0.360576964005304,0
4,8,1,2,1,1,1,0.29690775799827,1
4,8,1,2,1,1,1,0.339347139997699,1
4,8,1,2,2,2,2,0.658049445999495,1
4,8,1,2,1,2,1,0.375964969003689,1
4,8,1,2,2,2,2,0.453838990004442,1
4,8,1,3,1,1,1,0.44181176499842,1
4,8,1,3,2,1,2,0.238882748999458,1
4,8,1,3,2,2,2,0.456485746995895,1
4,8,1,3,1,2,2,0.327542944003653,0
4,8,1,3,2,2,2,0.386620315002801,1
4,8,1,3,2,1,2,0.373377764000907,1
4,8,1,3,1,1,1,0.312465768001857,1
4,8,1,3,1,2,1,1.05037632900348,1
4,8,1,4,1,1,2,1.15101736199722,0
4,8,1,4,2,2,2,0.792605539005308,1
4,8,1,4,1,1,1,0.580095188000996,1
4,8,1,4,1,2,1,0.574061275998247,1
4,8,1,4,2,1,2,0.502915461998782,1
4,8,1,4,1,2,1,1.07114395400276,1
4,8,1,4,2,1,2,0.437033047004661,1
4,8,1,4,2,2,2,0.786952992995793,1
4,9,2,4,1,1,1,0.919217274000403,1
4,9,2,4,2,1,2,0.51352273899829,1
4,9,2,4,2,1,2,0.637634684004297,1
4,9,2,4,2,2,2,0.405379913994693,1
4,9,2,4,1,1,1,0.706683386997611,1
4,9,2,4,1,2,2,0.506400744998246,0
4,9,2,4,2,2,2,0.966033582997625,1
4,9,2,4,1,2,1,0.640672161003749,1
4,9,2,3,1,1,1,0.455146467000304,1
4,9,2,3,2,2,2,0.664866281003924,1
4,9,2,3,1,2,1,0.514643276001152,1
4,9,2,3,2,1,2,0.862258146000386,1
4,9,2,3,2,1,2,0.499321012997825,1
4,9,2,3,2,2,1,0.645770283001184,0
4,9,2,3,1,1,1,0.415836298998329,1
4,9,2,3,1,2,1,0.61945542000467,1
4,9,2,2,2,1,2,0.465268263993494,1
4,9,2,2,2,2,2,1.218185755999,1
4,9,2,2,1,2,1,0.282591697003227,1
4,9,2,2,2,1,2,0.471660896997491,1
4,9,2,2,1,1,1,0.402678582999215,1
4,9,2,2,1,2,1,0.811589097000251,1
4,9,2,2,2,2,2,0.26363154900173,1
4,9,2,2,1,1,1,0.436804351003957,1
4,9,2,1,2,2,2,0.442572733001725,1
4,9,2,1,1,1,1,0.75922775700019,1
4,9,2,1,2,1,2,0.890080429999216,1
4,9,2,1,2,2,1,0.403180494002299,0
4,9,2,1,1,2,1,0.315150440997968,1
4,9,2,1,1,2,1,0.514935240003979,1
4,9,2,1,2,1,1,0.399876829003915,0
4,9,2,1,1,1,1,0.718980634999753,1
4,10,1,1,2,2,2,0.820066958003736,1
4,10,1,1,2,2,2,0.390408529005072,1
4,10,1,1,1,2,1,0.466613379998307,1
4,10,1,1,1,2,1,0.438361309003085,1
4,10,1,1,2,1,2,0.406417470003362,1
4,10,1,1,1,1,1,0.708404195000185,1
4,10,1,1,2,1,2,1.05605248999927,1
4,10,1,1,1,1,1,0.833511916003772,1
4,10,1,2,1,2,1,0.58815663200221,1
4,10,1,2,1,2,1,0.414239607998752,1
4,10,1,2,2,1,2,0.845375594995858,1
4,10,1,2,1,1,1,0.408400383996195,1
4,10,1,2,2,2,2,0.494545782996283,1
4,10,1,2,1,1,1,0.559459329000674,1
4,10,1,2,2,1,2,0.401024013001006,1
4,10,1,2,2,2,2,0.732759220001753,1
4,10,1,4,2,2,2,0.43903792600031,1
4,10,1,4,2,1,2,0.806196575002105,1
4,10,1,4,2,2,2,1.45999777000543,1
4,10,1,4,2,1,2,0.4603699329964,1
4,10,1,4,1,2,1,0.531138525999268,1
4,10,1,4,1,2,1,0.339246878000267,1
4,10,1,4,1,1,1,0.48910452099517,1
4,10,1,4,1,1,1,0.622344982002687,1
4,10,1,3,2,2,2,0.442997515994648,1
4,10,1,3,1,2,1,0.290424641003483,1
4,10,1,3,1,1,1,0.286370355999679,1
4,10,1,3,2,2,2,0.413063822998083,1
4,10,1,3,2,1,2,0.381687405999401,1
4,10,1,3,1,1,1,0.94890867399954,1
4,10,1,3,1,2,1,0.928147762999288,1
4,10,1,3,2,1,2,0.592256829993858,1
4,11,2,2,1,1,1,0.526066856000398,1
4,11,2,2,2,2,2,0.624309476996132,1
4,11,2,2,1,2,1,0.732426075999683,1
4,11,2,2,2,2,2,0.276020805998996,1
4,11,2,2,2,1,2,0.398169553998741,1
4,11,2,2,1,2,1,0.389422838998144,1
4,11,2,2,2,1,2,0.472656967998773,1
4,11,2,2,1,1,1,0.796453171999019,1
4,11,2,3,2,1,2,0.7344494160061,1
4,11,2,3,1,1,1,0.508657999002025,1
4,11,2,3,1,2,1,0.307893703997252,1
4,11,2,3,2,1,2,0.710208227996191,1
4,11,2,3,2,2,2,0.448035559995333,1
4,11,2,3,2,2,2,0.977396790003695,1
4,11,2,3,1,1,1,0.680842706999101,1
4,11,2,3,1,2,1,0.794014510000125,1
4,11,2,1,1,1,1,0.487432863999857,1
4,11,2,1,2,1,2,0.7275960199986,1
4,11,2,1,1,2,2,0.370719952996296,0
4,11,2,1,2,1,2,0.297746771000675,1
4,11,2,1,2,2,2,0.467228679000982,1
4,11,2,1,2,2,2,0.823499643003743,1
4,11,2,1,1,2,2,0.953845181997167,0
4,11,2,1,1,1,1,0.482229492001352,1
4,11,2,4,1,1,1,0.44421772500209,1
4,11,2,4,1,1,1,0.311274321000383,1
4,11,2,4,1,2,2,0.322145718993852,0
4,11,2,4,2,1,2,0.325869637999858,1
4,11,2,4,2,2,2,0.82545859899983,1
4,11,2,4,2,1,2,0.419373327000358,1
4,11,2,4,1,2,1,0.79936189900036,1
4,11,2,4,2,2,2,0.574975848001486,1
4,12,1,3,1,1,1,0.871582535000925,1
4,12,1,3,1,2,1,0.827010119995975,1
4,12,1,3,2,2,2,0.287691121993703,1
4,12,1,3,1,1,1,0.270910910003295,1
4,12,1,3,2,1,2,0.397998363994702,1
4,12,1,3,2,1,2,0.354420739997295,1
4,12,1,3,2,2,1,0.383983434003312,0
4,12,1,3,1,2,1,1.10744135500136,1
4,12,1,2,1,1,1,1.77662575299473,1
4,12,1,2,1,2,1,0.758530478000466,1
4,12,1,2,2,1,2,0.34869672399509,1
4,12,1,2,2,2,2,0.467620449002425,1
4,12,1,2,2,2,2,0.372069685006863,1
4,12,1,2,2,1,2,0.311224347999087,1
4,12,1,2,1,2,1,0.547830529998464,1
4,12,1,2,1,1,2,0.582194339003763,0
4,12,1,4,2,1,2,0.5499087040007,1
4,12,1,4,1,2,2,0.313097336002102,0
4,12,1,4,2,2,2,0.870816710994404,1
4,12,1,4,2,2,2,0.41521230199578,1
4,12,1,4,1,1,1,0.502056099001493,1
4,12,1,4,1,1,1,0.397943320997001,1
4,12,1,4,1,2,1,1.38717583499965,1
4,12,1,4,2,1,2,0.485941612001625,1
4,12,1,1,1,2,1,0.440174855997611,1
4,12,1,1,2,2,2,0.390867746995355,1
4,12,1,1,2,1,2,0.437595895004051,1
4,12,1,1,1,1,1,0.395601026000804,1
4,12,1,1,1,2,1,0.921675512996444,1
4,12,1,1,1,1,1,1.01081445100135,1
4,12,1,1,2,2,2,0.397799338999903,1
4,12,1,1,2,1,2,0.676547625000239,1
4,13,2,4,1,1,1,0.517918580000696,1
4,13,2,4,1,1,1,0.421846101999108,1
4,13,2,4,1,2,1,0.642651784997724,1
4,13,2,4,2,2,2,0.307246273005148,1
4,13,2,4,1,2,1,0.323741786996834,1
4,13,2,4,2,2,2,0.260854874999495,1
4,13,2,4,2,1,1,0.932295020997117,0
4,13,2,4,2,1,2,0.66460523900605,1
4,13,2,3,1,1,1,0.98957748599787,1
4,13,2,3,2,1,2,0.329624238998804,1
4,13,2,3,2,2,1,0.329140834997816,0
4,13,2,3,2,1,2,0.862317461993371,1
4,13,2,3,2,2,2,0.781142340005317,1
4,13,2,3,1,1,1,0.927705754998897,1
4,13,2,3,1,2,1,1.29702637899754,1
4,13,2,3,1,2,1,1.0532749099948,1
4,13,2,2,2,2,2,0.872554744993977,1
4,13,2,2,2,1,2,0.675327125994954,1
4,13,2,2,2,2,2,0.64660764799919,1
4,13,2,2,1,2,1,0.360729956999421,1
4,13,2,2,2,1,1,0.647696697000356,0
4,13,2,2,1,1,1,0.420397980000416,1
4,13,2,2,1,1,1,1.30318908900517,1
4,13,2,2,1,2,1,1.3556101810027,1
4,13,2,1,2,2,2,0.453237559995614,1
4,13,2,1,1,1,1,0.558887559003779,1
4,13,2,1,1,2,1,0.499423536006361,1
4,13,2,1,2,2,2,0.46926849999727,1
4,13,2,1,2,1,2,0.960632656002417,1
4,13,2,1,1,2,1,0.881227630998183,1
4,13,2,1,2,1,2,0.935210030002054,1
4,13,2,1,1,1,1,0.756302489004156,1
5,1,1,4,1,2,2,1.59194362499693,0
5,1,1,4,2,2,0,0,0
5,1,1,4,1,1,2,2.01230743400083,0
5,1,1,4,1,2,1,0.691697465001198,1
5,1,1,4,2,1,2,0.505754760000855,1
5,1,1,4,2,2,2,0.660303527998622,1
5,1,1,4,2,1,2,0.802651132995379,1
5,1,1,4,1,1,1,0.431240338002681,1
5,1,1,1,2,1,2,0.566634161004913,1
5,1,1,1,2,2,2,0.705891249999695,1
5,1,1,1,1,2,1,0.455374336001114,1
5,1,1,1,1,2,1,0.444300472998293,1
5,1,1,1,2,1,2,0.415959926998767,1
5,1,1,1,2,2,2,0.585613171999285,1
5,1,1,1,1,1,1,0.467376236003474,1
5,1,1,1,1,1,1,0.461207271997409,1
5,1,1,2,1,1,1,0.472870239005715,1
5,1,1,2,1,2,1,0.610409676999552,1
5,1,1,2,2,2,2,0.377669248999155,1
5,1,1,2,1,1,1,0.41398147399741,1
5,1,1,2,1,2,1,0.462225367002247,1
5,1,1,2,2,1,2,0.35422039200057,1
5,1,1,2,2,1,2,0.350390050996793,1
5,1,1,2,2,2,2,0.594638720998773,1
5,1,1,3,1,2,1,0.735660710000957,1
5,1,1,3,1,1,1,0.415295264007,1
5,1,1,3,1,1,1,0.433105049996811,1
5,1,1,3,2,1,2,0.325373749998107,1
5,1,1,3,2,2,2,0.561388474001433,1
5,1,1,3,2,2,2,0.444173420997686,1
5,1,1,3,1,2,1,0.491436848999001,1
5,1,1,3,2,1,2,0.416651330997411,1
5,2,2,2,1,2,1,1.37169060699671,1
5,2,2,2,1,1,1,0.746012062998489,1
5,2,2,2,2,2,2,0.731732635998924,1
5,2,2,2,2,1,2,0.444636372005334,1
5,2,2,2,1,1,1,0.487650303002738,1
5,2,2,2,2,2,2,0.71344381399831,1
5,2,2,2,1,2,1,0.618144968997512,1
5,2,2,2,2,1,2,0.850161433001631,1
5,2,2,1,1,1,1,0.841788885001733,1
5,2,2,1,2,2,2,0.611180243002309,1
5,2,2,1,2,2,2,0.45856504800031,1
5,2,2,1,2,1,2,0.81624530100089,1
5,2,2,1,2,1,2,0.468979060999118,1
5,2,2,1,1,2,1,0.886454434999905,1
5,2,2,1,1,1,1,0.768775511998683,1
5,2,2,1,1,2,1,0.558218450001732,1
5,2,2,4,2,1,2,0.688680168001156,1
5,2,2,4,2,2,1,0.669886406001751,0
5,2,2,4,1,2,1,0.464258888001496,1
5,2,2,4,1,2,1,0.504804818003322,1
5,2,2,4,2,1,2,1.10256607200427,1
5,2,2,4,1,1,1,0.433738220999658,1
5,2,2,4,1,1,1,0.375292666001769,1
5,2,2,4,2,2,2,0.676056340002106,1
5,2,2,3,2,1,2,1.57456106699829,1
5,2,2,3,1,2,1,0.992989774997113,1
5,2,2,3,2,2,2,0.880412655002146,1
5,2,2,3,1,1,1,0.690335647996108,1
5,2,2,3,1,1,1,0.402174159004062,1
5,2,2,3,1,2,1,0.586426020003273,1
5,2,2,3,2,2,2,0.532057301999885,1
5,2,2,3,2,1,2,0.77207211899804,1
5,3,1,1,2,2,2,0.822817840002244,1
5,3,1,1,1,1,1,0.615580058001797,1
5,3,1,1,2,1,2,0.662894697998127,1
5,3,1,1,2,1,2,0.354279332997976,1
5,3,1,1,1,1,1,0.315466195999761,1
5,3,1,1,1,2,1,0.641083498005173,1
5,3,1,1,2,2,2,0.29855467100424,1
5,3,1,1,1,2,1,0.39161946499371,1
5,3,1,4,1,1,1,0.599600381996424,1
5,3,1,4,2,1,2,0.278913277004904,1
5,3,1,4,2,2,2,0.532910339003138,1
5,3,1,4,1,2,1,0.453363820997765,1
5,3,1,4,2,1,2,0.346491728996625,1
5,3,1,4,2,2,2,0.447304918001464,1
5,3,1,4,1,2,1,0.40793478100386,1
5,3,1,4,1,1,1,0.348782453998865,1
5,3,1,2,2,1,2,0.441926749997947,1
5,3,1,2,1,1,1,0.377588812996692,1
5,3,1,2,1,1,1,0.363189228999545,1
5,3,1,2,2,2,2,0.489967229994363,1
5,3,1,2,2,1,2,0.292445387000043,1
5,3,1,2,1,2,2,0.363648611004464,0
5,3,1,2,1,2,1,0.486505758999556,1
5,3,1,2,2,2,2,0.429001990996767,1
5,3,1,3,1,1,1,0.444449790004001,1
5,3,1,3,1,1,1,0.360141536999436,1
5,3,1,3,1,2,1,0.776752256999316,1
5,3,1,3,1,2,1,0.455267572004232,1
5,3,1,3,2,1,2,0.38440522000019,1
5,3,1,3,2,1,2,0.306233136994706,1
5,3,1,3,2,2,2,0.430227306998859,1
5,3,1,3,2,2,2,0.391886840996449,1
5,4,2,1,2,1,2,1.46372065500327,1
5,4,2,1,1,1,1,1.01808788799826,1
5,4,2,1,2,1,2,0.831222063003224,1
5,4,2,1,2,2,2,1.110378020996,1
5,4,2,1,2,2,2,0.471142335001787,1
5,4,2,1,1,2,1,0.457843407995824,1
5,4,2,1,1,2,1,0.514727239999047,1
5,4,2,1,1,1,1,0.880037670998718,1
5,4,2,3,1,2,1,0.547659661999205,1
5,4,2,3,1,2,1,0.358705915998144,1
5,4,2,3,1,1,1,0.694930147001287,1
5,4,2,3,2,2,2,0.993743979997816,1
5,4,2,3,2,1,2,0.83420033800212,1
5,4,2,3,1,1,1,0.398331213997153,1
5,4,2,3,2,1,2,0.606675471994095,1
5,4,2,3,2,2,2,0.667029167998408,1
5,4,2,4,1,2,1,0.780856848003168,1
5,4,2,4,2,2,2,0.64753987199947,1
5,4,2,4,2,1,2,0.764909977995558,1
5,4,2,4,2,1,2,0.425034100997436,1
5,4,2,4,2,2,2,0.978971058000752,1
5,4,2,4,1,2,1,0.563723311999638,1
5,4,2,4,1,1,1,0.659376625000732,1
5,4,2,4,1,1,1,0.327127713993832,1
5,4,2,2,2,2,2,0.4529615499996,1
5,4,2,2,2,1,2,0.526001732003351,1
5,4,2,2,1,1,1,0.396294566002325,1
5,4,2,2,2,1,2,0.362993209004344,1
5,4,2,2,1,1,1,0.360545016999822,1
5,4,2,2,2,2,2,0.629156004004471,1
5,4,2,2,1,2,1,0.58337118000054,1
5,4,2,2,1,2,1,0.355469955000444,1
5,5,1,1,1,2,1,0.912181527994107,1
5,5,1,1,2,1,2,0.875589471004787,1
5,5,1,1,2,2,2,0.66812457999913,1
5,5,1,1,2,1,2,0.438160579004034,1
5,5,1,1,1,1,1,0.361044622994086,1
5,5,1,1,2,2,2,0.569153732001723,1
5,5,1,1,1,2,1,0.402256970002782,1
5,5,1,1,1,1,1,0.371844203997171,1
5,5,1,4,1,1,1,0.504104207997443,1
5,5,1,4,2,1,2,0.261853844000143,1
5,5,1,4,1,1,1,0.304919605994655,1
5,5,1,4,1,2,1,0.528709589998471,1
5,5,1,4,2,2,2,0.364957578996837,1
5,5,1,4,1,2,1,0.32288160600001,1
5,5,1,4,2,1,2,0.389783252001507,1
5,5,1,4,2,2,2,0.469159815998864,1
5,5,1,3,1,1,1,0.442319786998269,1
5,5,1,3,2,1,2,0.231428261999099,1
5,5,1,3,1,1,1,0.299728636004147,1
5,5,1,3,2,2,2,0.362630615003582,1
5,5,1,3,2,1,2,0.303594046999933,1
5,5,1,3,1,2,1,0.450015542999608,1
5,5,1,3,1,2,1,0.393995629994606,1
5,5,1,3,2,2,2,0.377517344997614,1
5,5,1,2,2,1,2,0.439585596999677,1
5,5,1,2,1,2,1,0.446463430002041,1
5,5,1,2,1,1,1,0.35870658299973,1
5,5,1,2,1,2,1,0.381782766999095,1
5,5,1,2,2,1,2,0.344488654001907,1
5,5,1,2,1,1,1,0.333039315002679,1
5,5,1,2,2,2,2,0.431114436003554,1
5,5,1,2,2,2,2,0.345906794995244,1
5,6,2,4,1,1,2,0.696529433000251,0
5,6,2,4,1,2,1,1.11174691400083,1
5,6,2,4,1,2,1,0.554279142997984,1
5,6,2,4,2,2,2,0.688621910005168,1
5,6,2,4,2,2,2,0.53244897100376,1
5,6,2,4,2,1,2,0.444478800993238,1
5,6,2,4,2,1,2,0.415189710998675,1
5,6,2,4,1,1,1,0.521487816004083,1
5,6,2,3,2,1,2,1.23943999499897,1
5,6,2,3,1,1,1,0.471827995002968,1
5,6,2,3,1,2,1,0.492948211998737,1
5,6,2,3,2,2,2,0.445896623998124,1
5,6,2,3,1,1,1,0.908717953992891,1
5,6,2,3,2,2,2,0.603566544996283,1
5,6,2,3,1,2,1,0.473643961995549,1
5,6,2,3,2,1,2,0.534620343001734,1
5,6,2,2,2,1,2,0.485309317999054,1
5,6,2,2,1,2,1,0.671818984003039,1
5,6,2,2,2,2,2,0.699755068999366,1
5,6,2,2,1,1,1,0.502714553003898,1
5,6,2,2,1,1,1,0.407867627996893,1
5,6,2,2,1,2,1,0.799415471003158,1
5,6,2,2,2,1,2,0.528623156998947,1
5,6,2,2,2,2,2,0.58603803999722,1
5,6,2,1,2,1,2,0.807379793004657,1
5,6,2,1,1,2,2,0.397837497002911,0
5,6,2,1,2,2,2,0.417400569000165,1
5,6,2,1,2,1,2,0.909751562998281,1
5,6,2,1,1,2,1,0.889105194997683,1
5,6,2,1,2,2,2,0.543117599998368,1
5,6,2,1,1,1,1,0.508168201005901,1
5,6,2,1,1,1,1,0.475281676997838,1
5,7,1,3,2,1,2,0.564239792001899,1
5,7,1,3,1,2,1,0.475837083999068,1
5,7,1,3,2,2,2,0.564944386998832,1
5,7,1,3,1,1,1,0.351051257006475,1
5,7,1,3,2,2,2,0.409320736995141,1
5,7,1,3,2,1,2,0.281328115001088,1
5,7,1,3,1,1,1,0.281197523996525,1
5,7,1,3,1,2,1,0.390853328994126,1
5,7,1,4,1,2,1,0.563032250996912,1
5,7,1,4,2,2,2,0.309973240000545,1
5,7,1,4,1,2,1,0.323249899993243,1
5,7,1,4,1,1,1,0.356714626999747,1
5,7,1,4,2,1,2,0.296070921001956,1
5,7,1,4,2,1,2,0.33152204000362,1
5,7,1,4,1,1,1,0.330077946004167,1
5,7,1,4,2,2,2,0.352195204002783,1
5,7,1,2,2,1,2,0.443583557003876,1
5,7,1,2,1,1,1,0.56067059799534,1
5,7,1,2,2,2,2,0.448548524000216,1
5,7,1,2,2,2,2,0.415473319000739,1
5,7,1,2,1,2,1,0.333917091003968,1
5,7,1,2,2,1,2,0.291831935996015,1
5,7,1,2,1,1,1,0.279019151996181,1
5,7,1,2,1,2,1,0.372437195001112,1
5,7,1,1,1,1,1,0.443318378005642,1
5,7,1,1,1,2,1,0.477860117993259,1
5,7,1,1,2,1,2,0.321187941000971,1
5,7,1,1,1,1,1,0.307543199000065,1
5,7,1,1,2,2,2,0.423230289998173,1
5,7,1,1,2,1,2,0.333839116996387,1
5,7,1,1,2,2,2,0.570763821997389,1
5,7,1,1,1,2,1,0.943485198004055,1
5,8,2,1,1,2,1,0.769700672004547,1
5,8,2,1,1,2,1,0.411238679000235,1
5,8,2,1,1,1,1,0.982386217001476,1
5,8,2,1,2,1,2,0.663417058996856,1
5,8,2,1,2,1,2,0.418310171997291,1
5,8,2,1,2,2,2,0.540995941999427,1
5,8,2,1,1,1,1,0.652873131002707,1
5,8,2,1,2,2,2,0.813418219004234,1
5,8,2,3,1,1,1,0.581108215999848,1
5,8,2,3,1,2,1,0.982654958999774,1
5,8,2,3,2,2,2,1.2463409760021,1
5,8,2,3,1,1,1,0.521481794996362,1
5,8,2,3,2,1,2,0.433546331005346,1
5,8,2,3,2,1,2,0.37707425699773,1
5,8,2,3,1,2,1,0.58980020799936,1
5,8,2,3,2,2,2,0.667631493000954,1
5,8,2,4,1,1,1,0.588172092997411,1
5,8,2,4,2,2,2,0.553115055001399,1
5,8,2,4,2,2,2,0.28609026200138,1
5,8,2,4,1,1,1,0.57910312799504,1
5,8,2,4,1,2,1,0.600464786002703,1
5,8,2,4,2,1,2,0.718013019999489,1
5,8,2,4,1,2,1,1.13128197799961,1
5,8,2,4,2,1,2,0.455607047995727,1
5,8,2,2,1,2,1,1.11034752999694,1
5,8,2,2,2,2,2,0.695528503994865,1
5,8,2,2,1,1,1,0.380963905998215,1
5,8,2,2,1,2,1,0.413685302999511,1
5,8,2,2,2,1,2,0.532365638006013,1
5,8,2,2,2,2,2,0.519365533000382,1
5,8,2,2,2,1,2,0.715722023000126,1
5,8,2,2,1,1,1,0.506185047001054,1
5,9,1,4,2,2,2,0.944899157999316,1
5,9,1,4,1,1,1,0.437010317000386,1
5,9,1,4,2,1,2,0.539307556995482,1
5,9,1,4,2,2,2,0.482321825998952,1
5,9,1,4,1,2,1,0.597460418997798,1
5,9,1,4,2,1,2,0.319520977995126,1
5,9,1,4,1,2,2,0.413766548997955,0
5,9,1,4,1,1,1,0.477910174995486,1
5,9,1,2,1,2,1,0.47966461499891,1
5,9,1,2,1,1,1,0.377003493005759,1
5,9,1,2,2,2,2,0.464830022996466,1
5,9,1,2,2,1,2,0.316824756999267,1
5,9,1,2,2,2,2,0.424273070995696,1
5,9,1,2,2,1,2,0.303728440005216,1
5,9,1,2,1,1,1,0.347673591997591,1
5,9,1,2,1,2,1,0.355150438997953,1
5,9,1,1,2,1,2,0.83135338199645,1
5,9,1,1,1,1,1,0.3352461970062,1
5,9,1,1,1,1,1,0.357377714994072,1
5,9,1,1,1,2,1,0.370208584994543,1
5,9,1,1,2,2,2,0.280120253999485,1
5,9,1,1,1,2,1,0.30736902699573,1
5,9,1,1,2,1,2,0.347456586001499,1
5,9,1,1,2,2,2,0.371191801998066,1
5,9,1,3,2,1,2,0.463604655000381,1
5,9,1,3,2,1,2,0.362175255002512,1
5,9,1,3,1,2,1,0.507902792996902,1
5,9,1,3,2,2,2,0.353034691004723,1
5,9,1,3,1,1,1,0.329430028999923,1
5,9,1,3,1,2,1,0.334328498996911,1
5,9,1,3,1,1,1,0.279190236004069,1
5,9,1,3,2,2,2,0.510331773999496,1
5,10,2,2,2,1,2,0.991213417997642,1
5,10,2,2,2,2,2,0.665326205999008,1
5,10,2,2,1,1,1,0.36523129199486,1
5,10,2,2,1,2,1,0.441967874998227,1
5,10,2,2,1,2,1,0.31818038700294,1
5,10,2,2,2,2,2,0.316914474999066,1
5,10,2,2,2,1,2,0.570168846999877,1
5,10,2,2,1,1,1,0.357985793001717,1
5,10,2,1,2,2,2,0.439659924995794,1
5,10,2,1,1,2,1,0.29510066700459,1
5,10,2,1,2,2,2,0.396900223000557,1
5,10,2,1,2,1,2,0.721005277002405,1
5,10,2,1,1,1,1,0.564912456000457,1
5,10,2,1,1,1,1,0.381413483999495,1
5,10,2,1,1,2,1,0.584438562997093,1
5,10,2,1,2,1,1,0.512319401997956,0
5,10,2,4,1,1,1,0.688699651000206,1
5,10,2,4,1,2,1,0.382189300005848,1
5,10,2,4,1,1,1,0.363093252999533,1
5,10,2,4,2,2,2,0.524297369003762,1
5,10,2,4,2,1,2,0.670226010995975,1
5,10,2,4,2,1,2,0.362877914005367,1
5,10,2,4,1,2,2,0.343265468000027,0
5,10,2,4,2,2,2,1.07948247699824,1
5,10,2,3,2,1,2,0.589573687997472,1
5,10,2,3,2,1,2,0.372771478003415,1
5,10,2,3,1,1,1,0.486021459000767,1
5,10,2,3,1,1,1,0.3779337379965,1
5,10,2,3,2,2,2,0.589531171994167,1
5,10,2,3,2,2,2,0.37895017000119,1
5,10,2,3,1,2,1,0.390774298997712,1
5,10,2,3,1,2,1,0.348547651999979,1
5,11,1,1,2,2,2,0.737237800996809,1
5,11,1,1,1,2,1,0.586300266993931,1
5,11,1,1,1,2,1,0.432069753995165,1
5,11,1,1,1,1,1,0.393227214997751,1
5,11,1,1,2,1,2,0.32810394900298,1
5,11,1,1,2,1,2,0.319551309003145,1
5,11,1,1,1,1,1,0.343552479003847,1
5,11,1,1,2,2,2,0.494723066003644,1
5,11,1,4,2,2,2,0.443810370001302,1
5,11,1,4,1,2,1,0.352133918000618,1
5,11,1,4,2,1,2,0.306785719003528,1
5,11,1,4,2,2,2,0.945466003002366,1
5,11,1,4,1,2,1,0.396707872998377,1
5,11,1,4,1,1,1,0.401909405001788,1
5,11,1,4,2,1,2,0.278033010996296,1
5,11,1,4,1,1,1,0.314771729994391,1
5,11,1,2,1,2,1,0.570597777994408,1
5,11,1,2,2,1,2,0.418281580998155,1
5,11,1,2,1,1,1,0.28298216300027,1
5,11,1,2,2,1,2,0.246062204001646,1
5,11,1,2,1,2,1,0.474845247001213,1
5,11,1,2,1,1,1,0.329350205000082,1
5,11,1,2,2,2,2,0.538058287005697,1
5,11,1,2,2,2,2,0.407295184995746,1
5,11,1,3,2,1,2,0.456503804001841,1
5,11,1,3,2,2,2,0.514444335000007,1
5,11,1,3,1,1,1,0.615303842001595,1
5,11,1,3,1,2,2,0.349699423000857,0
5,11,1,3,1,1,1,0.92653039599827,1
5,11,1,3,1,2,1,0.527989094000077,1
5,11,1,3,2,2,2,0.392546536000737,1
5,11,1,3,2,1,2,0.518281153003045,1
5,12,2,2,2,1,2,0.74296216199582,1
5,12,2,2,2,1,2,0.43779664899921,1
5,12,2,2,2,2,2,0.789503628999228,1
5,12,2,2,1,1,1,0.599505084996053,1
5,12,2,2,1,1,1,0.391076953004813,1
5,12,2,2,2,2,2,0.510514425994188,1
5,12,2,2,1,2,1,0.60314285899949,1
5,12,2,2,1,2,1,0.375866383001267,1
5,12,2,4,1,2,2,0.801035327000136,0
5,12,2,4,1,2,1,0.453008742995735,1
5,12,2,4,2,2,2,0.59757877800439,1
5,12,2,4,2,1,2,0.671487147999869,1
5,12,2,4,2,1,2,0.397792651994678,1
5,12,2,4,1,1,1,0.588611506995221,1
5,12,2,4,2,2,2,0.603824496996822,1
5,12,2,4,1,1,1,0.473243029999139,1
5,12,2,3,2,1,2,0.599104015003832,1
5,12,2,3,2,1,2,0.359509791000164,1
5,12,2,3,1,1,1,0.410555513000872,1
5,12,2,3,2,2,2,0.511000141006662,1
5,12,2,3,1,1,1,0.819073131002369,1
5,12,2,3,2,2,2,0.465228479995858,1
5,12,2,3,1,2,1,0.630691025005945,1
5,12,2,3,1,2,1,0.40747615199507,1
5,12,2,1,2,1,2,0.443301539002277,1
5,12,2,1,1,2,1,0.376773327996489,1
5,12,2,1,2,1,2,0.719515652002883,1
5,12,2,1,1,1,1,0.859257269999944,1
5,12,2,1,2,2,2,0.572229983998113,1
5,12,2,1,1,2,1,0.459829705003358,1
5,12,2,1,2,2,2,0.387953972000105,1
5,12,2,1,1,1,1,0.502535999999964,1
5,13,1,4,1,2,1,0.539817264994781,1
5,13,1,4,2,2,2,0.55449605800095,1
5,13,1,4,1,2,1,0.364945823996095,1
5,13,1,4,2,2,2,0.486224558997492,1
5,13,1,4,2,1,2,0.367523660999723,1
5,13,1,4,1,1,1,0.367113603999314,1
5,13,1,4,2,1,2,0.308953893996659,1
5,13,1,4,1,1,1,0.348796214995673,1
5,13,1,3,1,1,1,1.36066711400053,1
5,13,1,3,2,1,2,0.303387444000691,1
5,13,1,3,1,2,1,0.442425458000798,1
5,13,1,3,1,2,1,0.407112319000589,1
5,13,1,3,1,1,1,0.322165851997852,1
5,13,1,3,2,1,2,0.283410704003472,1
5,13,1,3,2,2,2,0.428616066004906,1
5,13,1,3,2,2,2,0.381553122999321,1
5,13,1,2,2,2,2,0.445591772004263,1
5,13,1,2,1,2,1,0.480030029000773,1
5,13,1,2,2,1,2,0.337550479998754,1
5,13,1,2,1,1,1,0.357581508003932,1
5,13,1,2,2,2,2,0.481664775994432,1
5,13,1,2,1,1,1,0.392202445000294,1
5,13,1,2,1,2,1,0.39259106299869,1
5,13,1,2,2,1,2,0.334299737005495,1
5,13,1,1,2,2,2,0.691214890997799,1
5,13,1,1,1,2,1,0.485437116003595,1
5,13,1,1,1,1,1,0.330752801994095,1
5,13,1,1,2,1,2,0.269774988999416,1
5,13,1,1,2,1,2,0.352867045003222,1
5,13,1,1,1,2,1,0.515925542000332,1
5,13,1,1,2,2,2,0.413363359999494,1
5,13,1,1,1,1,1,0.37767906600493,1
